rms,peak,crest_factor,mean,std,fundamental_mag,h2_mag,h3_mag,h5_mag,h7_mag,thd,transient_score,label
0.6332861199320051,1.474068924410635,2.327650769558795,-2.1316282072803006e-17,0.6332861199320051,0.44021466543215304,0.015659563178956167,0.003181896043958352,0.008982548621199033,0.009955848065748037,0.057314750630991014,2.4594398511553432,TRANSIENT_EVENT
0.6565405507526082,1.222438616360332,1.86193924344661,1.4210854715202004e-17,0.6565405507526082,0.4547588664464775,0.003080575105817762,0.046330491162329054,0.017733463127120996,0.002403321452400766,0.11118189559195399,0.3022229414025973,HARMONIC_DISTORTION
0.7421012069100225,1.2705966465612868,1.7121608679924203,-1.4210854715202004e-17,0.7421012069100225,0.5189437625890103,0.004783611264062418,0.01973810239122662,0.004536064475376435,0.004162565866280188,0.04671040828027308,0.18509337869972659,NORMAL
1.2953917973631583,2.1988811260274326,1.6974641421254764,-5.684341886080802e-17,1.2953917973631583,0.9077915934061496,0.005898117340086364,0.09276875844891494,0.005598793802510682,0.007576841876905462,0.10377887024041245,0.34789811752154864,LEGITIMATE_HIGH_LOAD
0.7878050790337249,1.4041241427040598,1.7823243084777716,-1.4210854715202004e-17,0.7878050790337249,0.5430046766114305,0.0042665563481170815,0.04822948699042765,0.010404165398877506,0.006500963567240801,0.09353527635324224,0.31951264657749645,LEGITIMATE_HIGH_LOAD
0.882198044397336,1.5619462059350833,1.7705165136725165,-3.552713678800501e-17,0.882198044397336,0.5898084289947708,0.10633203858469344,0.012742721898822341,0.014620693742783469,0.025136147144439385,0.2935598636680082,0.3817461542086535,CONTROLLED_ANOMALOUS
0.8520474331709016,1.367964092170477,1.605502274773116,7.105427357601002e-18,0.8520474331709016,0.5863699870860233,0.004841582608547319,0.10527410556336747,0.06823313318870002,0.004688996408937148,0.21498616759366618,0.13327668909488083,HARMONIC_DISTORTION
1.2783687697917054,2.123006484876412,1.6607152294735188,1.4210854715202004e-17,1.2783687697917054,0.8956432023016629,0.0035334189813475596,0.004972548310336933,0.005472570635832863,0.005529475448002282,0.022469045799727225,0.15946814954128777,LEGITIMATE_HIGH_LOAD
0.7740763860755596,2.4606510543796105,3.178822011164438,0.0,0.7740763860755596,0.5308518401037744,0.026319028962361695,0.02339350999805825,0.007523841131248452,0.006369612755566122,0.08674435814132601,5.988319213415238,TRANSIENT_EVENT
0.4842468050904698,1.010211538430234,2.086150136275035,1.7763568394002505e-17,0.4842468050904698,0.31829029984070684,0.013234858134390447,0.03081475912449071,0.01790376593224056,0.018779439828923297,0.25465370727532716,0.3445499850359176,CONTROLLED_ANOMALOUS
0.9106392936398422,1.463381748055494,1.6069828726655644,-3.552713678800501e-17,0.9106392936398422,0.6396310450361048,0.007960640978557455,0.04857415746647951,0.006883031449689156,0.0051528539073394716,0.07978045498139028,0.21864418735949445,NORMAL
0.6699969160057436,1.2210695862497434,1.8225003087018323,0.0,0.6699969160057436,0.4537994152563991,0.008373749640586917,0.092778817468939,0.06461950794489187,0.012706515888790489,0.2531804210069175,0.610324562898422,HARMONIC_DISTORTION
1.0847150430526642,1.7981142310610045,1.657683501835333,-3.552713678800501e-17,1.0847150430526642,0.7629865638507307,0.004710069169192748,0.024594044337003754,0.0043308843342653065,0.004401211231486718,0.03842618934976159,0.12683865993988347,LEGITIMATE_HIGH_LOAD
0.8115884002048831,1.5159014772812351,1.867820531809659,0.0,0.8115884002048831,0.5393143428971956,0.09964717316945067,0.01675264411137443,0.024094232675559702,0.11985609812901307,0.3201937308543311,0.24239641586449948,CONTROLLED_ANOMALOUS
1.20287591550003,2.0360386471837586,1.6926422924823354,-7.105427357601002e-18,1.20287591550003,0.8414723188373769,0.0038041776212326297,0.048363384494598136,0.007019281820492169,0.00450205088571515,0.05982650740411926,0.1567387934007344,LEGITIMATE_HIGH_LOAD
1.206210858268907,2.2286979723447744,1.8476852177763423,2.1316282072803006e-17,1.206210858268907,0.8420407338962709,0.004780388563262696,0.0973483646782948,0.004668113584106168,0.004312105875196433,0.11670511906586581,0.1453305060652614,LEGITIMATE_HIGH_LOAD
0.7625313479054643,1.3029337288999268,1.7086952982049197,4.263256414560601e-17,0.7625313479054643,0.5348176603717537,0.007920816489908913,0.005444023272583648,0.006385329128545834,0.0064328827068327946,0.03158949512398528,0.17057037642779632,NORMAL
0.793144788448466,1.3453781220490604,1.69625791109447,-2.4868995751603507e-17,0.793144788448466,0.5493739604817995,0.005682269210180653,0.06795723934854095,0.002763159827218864,0.00791881077829627,0.1262511634624572,0.3065955157432582,LEGITIMATE_HIGH_LOAD
0.933779628713268,1.5752234238390386,1.686932735949347,4.263256414560601e-17,0.933779628713268,0.6391657439773328,0.004731533987333592,0.11212396018263261,0.10040703606659314,0.0031729187582697858,0.23632718843478417,0.09959604873035334,HARMONIC_DISTORTION
0.9149777306880323,2.4042558016207964,2.627665921238189,-1.0658141036401503e-17,0.9149777306880323,0.6301004528932913,0.025126754026702964,0.011925811947575348,0.0054543558776076724,0.012381596875828125,0.0613380360633308,3.202701761739641,TRANSIENT_EVENT
0.7642373683318926,2.2520066736218043,2.9467371878677935,1.4210854715202004e-17,0.7642373683318926,0.5130626749624854,0.01880878969499285,0.017140407896052114,0.009787300339327969,0.005360571169649123,0.0693503476921462,5.06511059929538,TRANSIENT_EVENT
0.7367206073952944,1.4649274719123575,1.9884437291521788,7.105427357601002e-18,0.7367206073952944,0.5116741045030856,0.0039511859992174,0.008034277860429737,0.002438780096739022,0.004592101428233629,0.029530182979772952,0.7455262323667533,TRANSIENT_EVENT
0.6303740632107074,1.1409691785403593,1.809987506035732,-2.4868995751603507e-17,0.6303740632107074,0.43390713851935897,0.004618409173101267,0.05787119810154771,0.04392248968397433,0.006057535840260505,0.17040095042686493,0.21146767785345819,HARMONIC_DISTORTION
0.7186600118447627,1.4388909538175025,2.002185915595811,3.552713678800501e-18,0.7186600118447627,0.47938125369672174,0.007043904808631705,0.1155346941718435,0.08967380689913018,0.008954386751602568,0.3072034284694113,0.20807330035260718,HARMONIC_DISTORTION
0.6920807399338806,1.1732938803070956,1.6953135849715868,-1.7763568394002505e-17,0.6920807399338806,0.48278355660291156,0.0049318818847404996,0.018460526732338393,0.0016802745919535721,0.005902292478860559,0.04551159472510593,0.15035806948019945,NORMAL
0.9797183095422859,1.739558298504032,1.7755698567241593,1.4210854715202004e-17,0.9797183095422859,0.6758133918607442,0.07696446016005128,0.009865573801021316,0.013203599541907593,0.06217614793744086,0.1868458431422708,0.2840880800214536,CONTROLLED_ANOMALOUS
1.0050465284282304,1.7586427643021962,1.749812286852528,1.4210854715202004e-17,1.0050465284282304,0.700864431293541,0.007273731575475145,0.04185299196328184,0.005486236442300918,0.0026967814581735925,0.06400290512933347,0.22342815321552284,LEGITIMATE_HIGH_LOAD
0.8100078674297335,1.5079281815171888,1.8616216485675041,-2.842170943040401e-17,0.8100078674297335,0.5499673449258565,0.006814773248221122,0.103433915938817,0.07718086124577257,0.004421474376433229,0.23603308101476156,0.5786271445532614,HARMONIC_DISTORTION
1.2303634987751326,2.035704630637104,1.6545554485838656,-4.9737991503207014e-17,1.2303634987751326,0.8633790961346077,0.006216359454739611,0.017139677215185757,0.007977801072325569,0.003597958708180759,0.026681519498478367,0.15809216832115194,LEGITIMATE_HIGH_LOAD
1.155646998656825,1.9665972317541798,1.7017283253795483,2.1316282072803006e-17,1.155646998656825,0.8075098947453417,0.0027284760547914236,0.054093345913803215,0.005146481330036385,0.004636413339911551,0.06910996426659612,0.30116121709848126,LEGITIMATE_HIGH_LOAD
0.6885795273626806,1.2091335153145104,1.7559823771490808,-3.907985046680551e-17,0.6885795273626806,0.4702527600602844,0.0032374491979333137,0.10578621281819567,0.04021337741248521,0.005732849860604219,0.2427326518235516,0.3599759721917389,HARMONIC_DISTORTION
0.6568887402310372,1.5305019616769988,2.3299257057423444,-3.552713678800501e-18,0.6568887402310372,0.4443826972347512,0.01059487089442817,0.008544134534956681,0.006498029187888141,0.008621557158045235,0.04619723251608466,1.736503273032834,TRANSIENT_EVENT
0.7242772975353751,2.1096374150954493,2.912748228163828,-1.4210854715202004e-17,0.7242772975353751,0.4814856736122215,0.024332643094627602,0.007661383922509077,0.013563638843724564,0.010870883501377712,0.07461838230044483,5.358333121848043,TRANSIENT_EVENT
0.8405569449995556,1.320090269822958,1.570494750743694,7.105427357601002e-18,0.8405569449995556,0.5649562076725687,0.008600291089064585,0.1351890154032453,0.08588741781031685,0.0021753007101479823,0.28427100628723995,0.13736450154398738,HARMONIC_DISTORTION
0.8090347301240639,1.3446885185149908,1.6620899801282765,2.842170943040401e-17,0.8090347301240639,0.5611633280182988,0.005874105693046466,0.04337471672253746,0.05082907106738684,0.002664176648368872,0.12181962236187581,0.1615535227116455,HARMONIC_DISTORTION
0.9249630789734627,1.5361146570030566,1.6607307815008774,0.0,0.9249630789734627,0.6492814477556367,0.004836111725090439,0.041477758638954434,0.003645502470418856,0.006925177888471485,0.06756904062985657,0.14767768609063273,NORMAL
0.9594927426578365,1.6118142106174098,1.6798607628366367,-1.4210854715202004e-17,0.9594927426578365,0.6679933517240074,0.007959422836937007,0.07120114849566776,0.0038665804678435075,0.007813101759117664,0.10913178592216916,0.2811009538124757,LEGITIMATE_HIGH_LOAD
0.7286401955523489,1.4255745158689725,1.956486239121504,3.552713678800501e-18,0.7286401955523489,0.4990415828838408,0.005274964016095585,0.04695754354811523,0.08906527039086241,0.004587929051976527,0.20301231402921308,0.23228541771928854,HARMONIC_DISTORTION
0.9421055638813536,1.576752415029806,1.6736472806017504,-4.263256414560601e-17,0.9421055638813536,0.6591746593941619,0.0040627429991098125,0.009756348199231232,0.0034080759358911454,0.007246477869448751,0.02799975614866001,0.17858929106067511,NORMAL
0.9700038005200278,1.813234070958912,1.8693061511581923,1.4210854715202004e-17,0.9700038005200278,0.6695587189692255,0.004345018908200529,0.08839320282529241,0.0953723404110673,0.003888109423593364,0.19503505195827203,0.27998401522803884,HARMONIC_DISTORTION
0.6445171253552501,1.1027988663021466,1.7110466470449441,-1.4210854715202004e-17,0.6445171253552501,0.4492162435015374,0.009402987871808249,0.034318201503435806,0.004329901972315083,0.002725118430836485,0.08290986332181316,0.28673413845892753,NORMAL
0.6001500564289961,1.1775043940763767,1.9620166347775518,-3.552713678800501e-18,0.6001500564289961,0.4026491796922584,0.057971646378156556,0.006365233338845433,0.0053099844252061466,0.07989740458238193,0.2647875269734889,0.3203752628577794,CONTROLLED_ANOMALOUS
0.9490894434622825,1.60558233277962,1.6917081354550194,-3.552713678800501e-17,0.9490894434622824,0.6644588253811737,0.002723100347344357,0.04223088824048859,0.0015266177429279246,0.006706792076631177,0.06611872628765286,0.2464368191364225,NORMAL
0.8083897080860734,1.3483827707135683,1.6679860681378185,0.0,0.8083897080860734,0.5679209456128126,0.005963007698793201,0.031819095040219375,0.003202421774634917,0.004265813692392734,0.06022082688812692,0.29101390595467247,NORMAL
0.6747429038670694,1.3897922972578176,2.059736070276064,1.7763568394002505e-17,0.6747429038670694,0.4554983816063849,0.05066345377608932,0.011851151202663638,0.015462588811331508,0.11210386849700968,0.2837737991427428,0.3614737571368083,CONTROLLED_ANOMALOUS
0.840931546477598,2.247664996621433,2.6728275399302186,3.552713678800501e-18,0.840931546477598,0.5999366097782094,0.03182516775442895,0.010102531566328999,0.00960316958881762,0.01162958463073564,0.07044038566916395,3.1785284575352266,TRANSIENT_EVENT
0.8944432575214732,2.608854463733845,2.9167355690768493,-1.4210854715202004e-17,0.8944432575214732,0.5590599012006471,0.05344961896567692,0.01224448838660174,0.012451166774446258,0.019813243552140546,0.1259555820195553,2.0687933519275443,TRANSIENT_EVENT
0.6982401950475678,2.0644775845962724,2.9566868238738806,-2.4868995751603507e-17,0.6982401950475678,0.4698134504402474,0.01342594197200711,0.003844997738015912,0.013872680343678029,0.00477625834832538,0.05137618845462348,4.222813814084192,TRANSIENT_EVENT
0.5801023845624118,1.171300911656505,2.019127903671783,1.7763568394002505e-17,0.5801023845624118,0.39906304784567226,0.0031722374673350505,0.04550498201801519,0.015721290190953193,0.0026036337708900442,0.12218039466612653,0.3256695531776278,HARMONIC_DISTORTION
0.6100556173505145,1.0799508805470301,1.7702498753101914,-2.4868995751603507e-17,0.6100556173505145,0.4224742861362125,0.004980108875141694,0.03243440463754181,0.04889333472715499,0.0036728107171903578,0.14157070484274012,0.24848480022677139,HARMONIC_DISTORTION
0.861245529016344,1.4005151289673028,1.6261508266601694,1.4210854715202004e-17,0.861245529016344,0.6056883285923368,0.0029202520042326935,0.0234617331186066,0.006789040548528036,0.0050306404697791395,0.04555034232014572,0.12263464908082407,NORMAL
0.617876664168954,1.5385964702383188,2.490135263981422,-7.105427357601002e-18,0.617876664168954,0.4229768730981003,0.007309203309404798,0.007637152931129118,0.008595613237821998,0.006929183708972583,0.04333146750426527,2.493332142966385,TRANSIENT_EVENT
0.8192496881639161,1.4682748422860796,1.792218982196678,3.552713678800501e-17,0.8192496881639161,0.5641606916323362,0.00840190134157381,0.09031812022321352,0.05637847463998555,0.005810001209861845,0.19032279900658589,0.4743421695206959,HARMONIC_DISTORTION
0.7917075635616401,1.2875836913920218,1.626337489564446,3.552713678800501e-17,0.7917075635616401,0.540164712466889,0.004159635787794878,0.10623553614077064,0.04886318237055955,0.004336708937537079,0.21777456272816015,0.3267906994034337,HARMONIC_DISTORTION
0.6927829639362476,2.196776181634122,3.1709442870137856,0.0,0.6927829639362476,0.3995761284241149,0.03504518712175923,0.010043199470241522,0.015539407676530248,0.0076092714305066355,0.11547362564984212,6.337100524385663,TRANSIENT_EVENT
0.6954814599995096,1.2493401650578413,1.7963673180572235,1.7763568394002505e-17,0.6954814599995096,0.48327941259820023,0.007514742572778178,0.01574407004237245,0.0036022541098721553,0.005432426283135604,0.04335266387880587,0.25140664894460707,NORMAL
0.7497660054178625,2.232755600316071,2.977936561783303,7.105427357601002e-18,0.7497660054178625,0.5136655900459284,0.011083344015217596,0.02841091228764975,0.014336681895426253,0.010276979064343831,0.07286512690384384,4.2948388942646645,TRANSIENT_EVENT
0.9154790294965698,1.5167247118416594,1.656755275624085,2.842170943040401e-17,0.9154790294965698,0.6452290673558755,0.0042033439259652255,0.018132230511100533,0.004124408304422721,0.003881718515773897,0.03439580244366004,0.1517993979578384,NORMAL
0.8019619723907462,1.414913713629456,1.7643152198494227,-2.842170943040401e-17,0.8019619723907462,0.5446229680864962,0.021491449816887977,0.0058659489348979335,0.012203640921754058,0.0059423978796345105,0.05572425725055454,0.68004262528883,TRANSIENT_EVENT
0.7457866014655979,1.3500395014631053,1.81022225233069,2.1316282072803006e-17,0.7457866014655979,0.514873897549387,0.01573594570849761,0.026421214668819908,0.008237329285366132,0.003251573003388412,0.06871869498771152,0.7448860280127497,NORMAL
0.9977939730759635,1.7385405152918092,1.742384261885546,3.552713678800501e-17,0.9977939730759635,0.7001377094112827,0.006085958920590116,0.005167232388469537,0.008446271354976515,0.007588275488755682,0.027203554739575204,0.10078412447359432,LEGITIMATE_HIGH_LOAD
1.0626107695882259,2.0451321864584866,1.9246296433180319,4.263256414560601e-17,1.0626107695882259,0.7385752559355686,0.007040742276208862,0.09378676660127201,0.007781762213883611,0.00642730619374658,0.12900704585328648,0.19247659362278316,LEGITIMATE_HIGH_LOAD
0.941831655660989,1.6229235805002826,1.7231567560354455,2.1316282072803006e-17,0.941831655660989,0.6350726900837618,0.1076149583806823,0.037730580967759664,0.01762511779120307,0.09458135759596681,0.28828902931307854,0.6855513058000643,CONTROLLED_ANOMALOUS
0.8741091180963947,1.5459398583189188,1.7685890998204141,4.9737991503207014e-17,0.8741091180963947,0.5910611641546861,0.022071547241469897,0.012764455509274974,0.021565116823686437,0.12631551033275804,0.2722547016584619,0.18935381303087756,CONTROLLED_ANOMALOUS
0.8504862735512692,1.514372930780428,1.7805965573754063,2.1316282072803006e-17,0.8504862735512692,0.5948002462917613,0.008959322426777543,0.017591312940743953,0.00714939856328057,0.002144411802769143,0.04289490967093056,0.1987011249215188,LEGITIMATE_HIGH_LOAD
0.8591850650532127,1.5184228127847499,1.7672825966670034,2.842170943040401e-17,0.8591850650532127,0.6044548553631148,0.004172457538802309,0.02939005248443156,0.004856911724782615,0.0030443289575188374,0.05351308550908702,0.14707537947000093,LEGITIMATE_HIGH_LOAD
1.285741984958112,2.093472346659995,1.628221191461052,-5.684341886080802e-17,1.285741984958112,0.9038541047431796,0.004130398722420899,0.035293828489255046,0.005405483479636425,0.00619684654511641,0.04152637360895634,0.18677761658610387,LEGITIMATE_HIGH_LOAD
0.5814429176348233,1.0807255075727629,1.8586957976354874,-2.1316282072803006e-17,0.5814429176348233,0.40432636870662236,0.006807430618745925,0.003485995233533207,0.004869679230536942,0.001754563107472176,0.032584417220091984,0.1983175745075283,NORMAL
0.6374092827975426,1.1597185765965228,1.8194253015999438,1.7763568394002505e-17,0.6374092827975426,0.4374060835334538,0.005255916746007606,0.02559119493098148,0.06363156893915742,0.002649078168766736,0.16004225617160253,0.1867603888303032,HARMONIC_DISTORTION
0.5789239849150478,1.2425153809259015,2.1462496170515895,1.7763568394002505e-17,0.5789239849150478,0.37119424403853907,0.0896779287958996,0.00848329572592546,0.00875187623700535,0.08207500151511471,0.407116981377213,0.6055281337465318,CONTROLLED_ANOMALOUS
0.6692532467418646,1.3161513795722801,1.966596928710797,-3.552713678800501e-18,0.6692532467418646,0.46212008700610424,0.003950518320864136,0.03974798114723701,0.04231985646324318,0.005166904269000069,0.12794153321011575,0.2247438140626798,HARMONIC_DISTORTION
0.6210500512778486,1.092625280155388,1.7593192012580054,2.1316282072803006e-17,0.6210500512778486,0.4230602516406596,0.004752860086607183,0.09120330775212457,0.02984786408241112,0.0027719112818727775,0.2284360290791667,0.21492190688820323,HARMONIC_DISTORTION
1.1746768008969097,1.9940830725682421,1.6975589124137678,3.552713678800501e-17,1.1746768008969097,0.8262509475566263,0.003307411962232107,0.03814284052409514,0.006403019075743206,0.005813137538489747,0.05094613669429649,0.22292483021268,LEGITIMATE_HIGH_LOAD
0.9781372978668834,1.7600781178240765,1.7994182633281088,-2.1316282072803006e-17,0.9781372978668834,0.6467020829073583,0.15723343017219266,0.02489685130664137,0.02904875357585055,0.0852859260614516,0.35653044090524044,0.31115574612789304,CONTROLLED_ANOMALOUS
0.7925116398242167,1.5620640933580971,1.9710298434286357,2.842170943040401e-17,0.7925116398242167,0.5362706669930365,0.09636240353704328,0.021280554342244015,0.01606879626658251,0.032255673189182446,0.2525066825710028,0.5787939538892275,CONTROLLED_ANOMALOUS
0.7309018536204943,1.42645159999185,1.9516322101606072,0.0,0.7309018536204943,0.49667255610566646,0.0020629411317515216,0.09544266387991705,0.07408317212158483,0.0042325651098781185,0.2445490589724179,0.22784237532074889,HARMONIC_DISTORTION
0.6372769497770386,1.181692203657065,1.854283611027354,-7.105427357601002e-18,0.6372769497770386,0.41595472992627663,0.02431118558152313,0.005826604914308252,0.0053434518914881836,0.01082493889064751,0.07705702064193365,0.4906713814816272,TRANSIENT_EVENT
0.6162720745978577,1.0698703725139234,1.736035781293606,0.0,0.6162720745978577,0.43001608202036357,0.004370949183126944,0.018109247893001935,0.0069601039730378365,0.003084481369929565,0.04898523637664987,0.19777593571469856,NORMAL
1.2160097800108158,1.9130142318129946,1.5731898404599831,-1.4210854715202004e-17,1.2160097800108158,0.8505940913281992,0.00508128863818688,0.0775353446671807,0.0068652719861241945,0.0025337973759934082,0.09393563898725114,0.13405024123802023,LEGITIMATE_HIGH_LOAD
0.57718857375706,1.1853537845483675,2.0536681397426375,-7.105427357601002e-18,0.57718857375706,0.39345510010472995,0.005234498506419839,0.0629230188410414,0.053223230245418966,0.005826746712243009,0.21153401525883878,0.3065563875707008,HARMONIC_DISTORTION
0.8687462011984177,1.4561810279333758,1.6761869299970504,-7.105427357601002e-18,0.8687462011984177,0.6023831111510339,0.006095314592094546,0.08682309501832634,0.00445736909258864,0.010632528044930293,0.146828119767338,0.4077194054449178,LEGITIMATE_HIGH_LOAD
0.7611944662811683,1.360023759569714,1.7866968558168046,2.4868995751603507e-17,0.7611944662811683,0.5176690649777573,0.01687018712573992,0.014293194000136407,0.011196755598654148,0.004143758702875122,0.05329363561879042,0.7335074891336983,NORMAL
0.5477932542245527,1.0289066682402301,1.8782755360810965,-1.0658141036401503e-17,0.5477932542245527,0.3606114926080422,0.05919545608035753,0.03482007746349672,0.014410511476866023,0.02242067557828306,0.2722181133877308,0.5939624953825293,CONTROLLED_ANOMALOUS
0.9347958522248024,2.4726452527671716,2.6451179119829287,-3.1974423109204506e-17,0.9347958522248024,0.6400747777613431,0.030345696970231633,0.01889938983001771,0.004672546553790134,0.013928061104436893,0.07786771076645933,4.1850185753736024,TRANSIENT_EVENT
0.790700836915897,1.3731525079808298,1.7366271083470288,4.263256414560601e-17,0.790700836915897,0.5542588895654256,0.007289252932342861,0.014557120561348377,0.004122778473362996,0.0039012559156893904,0.03747003284157674,0.14148526160801134,NORMAL
0.6975237015740798,1.3357116327430107,1.914933685735341,2.842170943040401e-17,0.6975237015740798,0.48012725798772116,0.004519144764763344,0.10307011933805939,0.022911363951841467,0.006579507743327784,0.22194261516884917,0.7224867661339498,HARMONIC_DISTORTION
0.7746742937819358,1.5386269336672576,1.986159791304974,2.842170943040401e-17,0.7746742937819358,0.531770278319358,0.0751575923846836,0.017064959362145898,0.01514848144489523,0.022400225481592696,0.17029949331733052,0.3377126399509624,CONTROLLED_ANOMALOUS
0.9393908816046371,2.5165021238446994,2.6788658194617474,3.552713678800501e-17,0.9393908816046371,0.6110145003135089,0.017867096474197354,0.00750657315171384,0.010424109744194979,0.007669295267306339,0.04600592127520802,4.2895359525903025,TRANSIENT_EVENT
0.8378845984427641,1.5241872871712416,1.81908975293733,2.1316282072803006e-17,0.8378845984427641,0.5637759525835939,0.09947188195593921,0.007164242912963219,0.0187966153511577,0.0681440964388735,0.271107174756586,0.32387886530196763,CONTROLLED_ANOMALOUS
0.7907811026557433,1.3673041344608012,1.7290551454364231,1.4210854715202004e-17,0.7907811026557433,0.5529701152915646,0.0053968596854482714,0.006887641594082206,0.00525101539976441,0.002862540307400312,0.02592835739484436,0.13947232971424797,NORMAL
0.7419022008530642,1.8260494111418886,2.4613074459709585,0.0,0.7419022008530642,0.49592623618156617,0.00407303428382632,0.004349013488009933,0.006649578143816258,0.004478107007546297,0.02744709785903761,3.050378567856529,TRANSIENT_EVENT
0.5759368390754646,1.1553391558303772,2.0060171141075314,0.0,0.5759368390754646,0.3983823163954316,0.004325413956662603,0.016038372608377496,0.008070976237624447,0.0022594285425170313,0.056416651099159734,0.2035763619782258,NORMAL
0.5451666350287959,1.0925733949723881,2.004109064588441,0.0,0.5451666350287959,0.3674878762105682,0.059364243862083915,0.02716007197339388,0.0148958707523105,0.009127727369812945,0.1884713198791063,0.47522726278007127,CONTROLLED_ANOMALOUS
0.9673603347310287,1.568070056743233,1.6209782440368818,4.263256414560601e-17,0.9673603347310287,0.6631015746223353,0.0651471816661401,0.055938149426376566,0.04600900122520444,0.08564463030552041,0.2052701717254883,0.26791452555388673,CONTROLLED_ANOMALOUS
0.6460039301460475,1.143861863297246,1.770673226459541,3.1974423109204506e-17,0.6460039301460475,0.45279839212652306,0.004271142168056942,0.004836818018361975,0.005327851978345231,0.005382297212515357,0.030610842504540357,0.162021995702732,NORMAL
0.5559856461811203,1.1293702331767856,2.0312938669083502,1.0658141036401503e-17,0.5559856461811203,0.377772460306888,0.00742843280106262,0.06867939665713493,0.023561794159011197,0.004186199612612958,0.19511571027346722,0.2560139673148789,HARMONIC_DISTORTION
0.8648470473488015,2.462289372787217,2.847080741427508,2.842170943040401e-17,0.8648470473488015,0.5682169446460754,0.015533091673082722,0.005246128615868774,0.008297637987210463,0.007053579399104436,0.04095157557322891,4.340783387169455,TRANSIENT_EVENT
0.8865473758379412,1.5277493876663946,1.7232574697121021,-7.105427357601002e-18,0.8865473758379412,0.6198497493171655,0.00553632250658201,0.019229127024041084,0.008572786024578604,0.004799879853527454,0.0417967440203685,0.17368025827280759,LEGITIMATE_HIGH_LOAD
0.6147010605597375,1.143440684617707,1.8601573317223614,3.552713678800501e-18,0.6147010605597375,0.4261341928435166,0.0037326483613043093,0.026014454756051533,0.005955019933638075,0.008035962269757094,0.0704117834606441,0.2878279004127421,NORMAL
0.894412280980941,1.4731739622385698,1.6470860178964397,-7.105427357601002e-18,0.894412280980941,0.6165129054725211,0.0033099889254974923,0.07255718394858207,0.00520672428124422,0.0056783480342551965,0.1198290042207391,0.1688496802733778,LEGITIMATE_HIGH_LOAD
0.6111417235385893,1.0758794937596534,1.7604418947706149,-1.7763568394002505e-17,0.6111417235385893,0.42249894727649295,0.004615129491272576,0.03300613703444278,0.008658526256842148,0.003723447318801228,0.08403511274116428,0.18347304354198352,NORMAL
0.8429064944303101,1.5564902295749135,1.8465752012349705,3.552713678800501e-17,0.8429064944303101,0.5764062089606434,0.07716786141735395,0.011679198008333756,0.009978889569341256,0.05450048673945109,0.19396814065996157,0.3862206564734319,CONTROLLED_ANOMALOUS
0.9006546092780814,1.525900290925455,1.694212493009433,-1.4210854715202004e-17,0.9006546092780814,0.6313479568852874,0.004309618622839955,0.016218431921399667,0.0061067850568198275,0.0034683743862465853,0.0327555151826791,0.15748459269653267,NORMAL
0.44951016504692237,0.9589190158862623,2.1332532397485715,0.0,0.44951016504692237,0.2985078290402177,0.038830053244747594,0.029355658913261258,0.006578900380723501,0.024994484232146154,0.20065699898579065,0.36128201307547375,CONTROLLED_ANOMALOUS
0.9698083414980551,1.5681204990428825,1.616938555736301,-4.9737991503207014e-17,0.9698083414980551,0.6741847312704694,0.004750191419491679,0.08098097767469127,0.012743214461596646,0.007396635603270819,0.12362681077888824,0.2126879095433069,LEGITIMATE_HIGH_LOAD
0.8776143416437261,1.4742199566301797,1.679803857659211,-7.105427357601002e-18,0.8776143416437261,0.615715907737249,0.0024077617748686905,0.029780016812167652,0.005227879758477302,0.0059029325737854675,0.051946727492126116,0.15031383786599714,NORMAL
0.7596833840601009,1.3976800963599632,1.8398192269128113,3.552713678800501e-17,0.7596833840601009,0.5176711608083548,0.016010692982880378,0.03830177288132565,0.035312519432752064,0.07524831793632622,0.23276567157994502,0.23476822740741699,CONTROLLED_ANOMALOUS
0.921136031966498,1.640215344234683,1.7806439953641269,2.1316282072803006e-17,0.921136031966498,0.6240634373554772,0.11504061398266043,0.03276038782327907,0.03151392307089069,0.08956440736075527,0.27025287163686273,0.4866226856596611,CONTROLLED_ANOMALOUS
0.6814532913808455,1.142368127473065,1.6763704012027831,-1.4210854715202004e-17,0.6814532913808455,0.470756902135295,0.005837542703631389,0.045450465787821366,0.06157889645564576,0.0029338087079963633,0.1644383172012153,0.18270129127554033,HARMONIC_DISTORTION
0.9385993068989609,1.6866097343631878,1.7969432983448277,3.552713678800501e-17,0.9385993068989609,0.6550469673604217,0.0055823387805096275,0.04994264301582549,0.00588679493531012,0.0038967800058181986,0.07936912976789838,0.23752399187894147,LEGITIMATE_HIGH_LOAD
0.9319577325957925,1.4958060300239306,1.6050148817990328,7.105427357601002e-18,0.9319577325957925,0.6149455399796775,0.1446453747162574,0.03342407304883097,0.012357602285986452,0.05193433264051584,0.3487738217076078,0.4881855200314604,CONTROLLED_ANOMALOUS
0.6712422388143059,1.8619885261083862,2.7739442163196335,-1.0658141036401503e-17,0.6712422388143059,0.45195575804961907,0.020289351855242145,0.011747234058754509,0.0037225290387047872,0.008958432332695356,0.07858395317315366,3.5857552958016123,TRANSIENT_EVENT
0.8060597197108346,1.431233027880136,1.7755917990711354,-2.1316282072803006e-17,0.8060597197108346,0.5634620003551511,0.007064126064885947,0.02887481434319964,0.0076916257203182336,0.00881811010337348,0.060175825118906415,0.2758376070047628,LEGITIMATE_HIGH_LOAD
0.7858705258276032,2.3997207110406986,3.053582787716264,-7.105427357601002e-18,0.7858705258276032,0.4911526370574214,0.013446892581399653,0.024212567386891266,0.014201809667355729,0.015378216706105341,0.08427488105217694,4.00086584045046,TRANSIENT_EVENT
0.9134454988162928,1.4899410871730396,1.6311220418774963,2.842170943040401e-17,0.9134454988162928,0.61803237678542,0.00567560828724569,0.14310319191650192,0.10109368187488567,0.002780168023251656,0.2838913177693678,0.4604040866429445,HARMONIC_DISTORTION
0.9993090947281237,1.7558239385354335,1.757037885273255,3.552713678800501e-17,0.9993090947281237,0.6787127331932882,0.041664990754899926,0.032216298812425576,0.026434542363972156,0.14292585355902301,0.26335194792536143,0.34395610201433185,CONTROLLED_ANOMALOUS
0.7993954933022286,1.4846635670949446,1.857232845987081,-7.105427357601002e-18,0.7993954933022286,0.557378520207699,0.04362382955402987,0.030070429915209657,0.013517093369649428,0.021821760214116102,0.11095610873538127,0.2617581628764346,CONTROLLED_ANOMALOUS
0.5805569904072374,1.1045077932687033,1.9024967600406215,3.552713678800501e-18,0.5805569904072374,0.4002388114023572,0.0013745452282471005,0.023763049103899602,0.059343694185619314,0.004395729582174191,0.16297477610603955,0.21174586940369713,HARMONIC_DISTORTION
0.5511506691778717,1.0615874803186522,1.9261293502594812,2.4868995751603507e-17,0.5511506691778717,0.3749091935012206,0.026659997095361345,0.027952790743274707,0.016139661384709073,0.04520351260906346,0.19336772229405622,0.33432964801294257,CONTROLLED_ANOMALOUS
0.7469828384024476,1.2744745468577101,1.7061630888112436,-1.4210854715202004e-17,0.7469828384024476,0.5198978968271993,0.00308588307823992,0.0216598603387909,0.004154434825277253,0.0036348555791646626,0.046585675674373654,0.2560321650859875,NORMAL
0.901034823519948,1.5620094173139774,1.7335727505091216,1.4210854715202004e-17,0.901034823519948,0.6270205873527562,0.006573808947579891,0.07669607239036022,0.07292392312425663,0.005564665886471134,0.17023654179457332,0.3358441596488848,HARMONIC_DISTORTION
0.769569273553391,1.311575490570873,1.7042981517633042,-7.105427357601002e-18,0.769569273553391,0.5341555832442966,0.004719439400515382,0.030704985551668677,0.005727617918740366,0.007598701962111024,0.06481010505994474,0.22607480308989314,NORMAL
0.6708370167201958,1.4075837194136378,2.0982499240955526,-2.1316282072803006e-17,0.6708370167201958,0.4357409148540936,0.07819598620798777,0.00679900844248897,0.00797651669001818,0.08545489612632498,0.3397609966138594,0.3702630107716833,CONTROLLED_ANOMALOUS
0.9517381781078768,1.719434860075989,1.8066259183742612,7.105427357601002e-18,0.9517381781078768,0.6552271854442595,0.005400608362178443,0.11247506787770638,0.06951138220216373,0.005641945618552201,0.20286568112653486,0.7173271660544923,HARMONIC_DISTORTION
0.6366971305609789,1.1577114033145042,1.8183078700142277,7.105427357601002e-18,0.6366971305609789,0.42509820600040216,0.06931322451538142,0.02204349731739094,0.023171036747895824,0.054579860229557145,0.2582266699415456,0.3475417952876549,CONTROLLED_ANOMALOUS
1.1812814796138618,1.809507705473402,1.5318175529721292,-2.842170943040401e-17,1.1812814796138618,0.8269751317552722,0.004410543274508424,0.06166374052596265,0.005269192040581661,0.004214325908193686,0.07679738856837603,0.14919930117887348,LEGITIMATE_HIGH_LOAD
0.6047961902279568,1.1374674975955361,1.8807451435281155,-2.4868995751603507e-17,0.6047961902279568,0.42283694805184596,0.0037933281854605275,0.00410287849101749,0.003760020445966215,0.005705723058794774,0.029528332241450843,0.15329901953522818,NORMAL
0.8000604207664315,1.9217454253401869,2.402000368296207,-1.0658141036401503e-17,0.8000604207664315,0.5140649594263001,0.02484242626203082,0.010552073521633122,0.00925675187683195,0.007886493234762695,0.07440831761378275,1.2373100229056466,TRANSIENT_EVENT
1.277275227335343,2.254667377976046,1.7652165560900628,-2.1316282072803006e-17,1.277275227335343,0.8928618098713127,0.0051537172892825245,0.10340772011229013,0.0023401687109188296,0.006030277619292743,0.11778064688898207,0.3568034608774219,LEGITIMATE_HIGH_LOAD
0.8090628076661759,1.4131401574088236,1.7466383870557223,2.1316282072803006e-17,0.8090628076661759,0.5389040512582932,0.14424028436099176,0.040227962807786684,0.02186493721869369,0.03214542705754126,0.33733455288255576,0.7606648643549941,CONTROLLED_ANOMALOUS
1.0157522433984554,1.7263051871647448,1.6995337183691126,4.263256414560601e-17,1.0157522433984554,0.7116986002105304,0.006720262803281204,0.006704940328123187,0.004587577612246376,0.003262215265088984,0.022039860533195833,0.12903417296756756,LEGITIMATE_HIGH_LOAD
0.7333992446851212,1.3136187130683132,1.7911372592595243,7.105427357601002e-18,0.7333992446851212,0.5113899987547612,0.003797453800747092,0.044734087520375734,0.004911295731114414,0.003918796482661947,0.09017596628911535,0.30603796387699717,NORMAL
1.0822602160648562,1.8534895533118287,1.712609893442443,7.105427357601002e-18,1.0822602160648562,0.7603553868783524,0.005638059464658969,0.010372723254954388,0.007318886678567245,0.004340130357724366,0.022689177900591193,0.12828602880567086,LEGITIMATE_HIGH_LOAD
0.8251873951831299,1.3847005476893854,1.6780437459082678,7.105427357601002e-18,0.8251873951831299,0.5771619168200699,0.007547499801870189,0.03966621532245724,0.05604869600594075,0.003052885096367887,0.12048370535886258,0.14660237164275802,HARMONIC_DISTORTION
0.6263281282298467,1.3822866475880982,2.206968816001879,-3.552713678800501e-18,0.6263281282298467,0.41570010507635624,0.013096644750552085,0.006003929152649846,0.007894586461085054,0.004680625600965028,0.05448217131256002,0.8651280260424524,TRANSIENT_EVENT
0.7304964280190565,1.3129508470125686,1.7973405435711693,3.1974423109204506e-17,0.7304964280190565,0.4964078488766523,0.0027158284779187796,0.09625394213127074,0.0657038578462252,0.00442407850521056,0.2366525903425181,0.23703050922367316,HARMONIC_DISTORTION
1.2079600519601208,1.889899000890963,1.5645376664768675,3.552713678800501e-17,1.2079600519601208,0.8431220864769301,0.006882989587283659,0.07788780901519113,0.006727399303569303,0.006993051440519898,0.09442226349455643,0.2636575407403924,LEGITIMATE_HIGH_LOAD
0.6215984889328285,1.144656602567371,1.8414726273426727,-1.7763568394002505e-17,0.6215984889328285,0.4290015018720903,0.004799427986990623,0.026654836400582704,0.0613624313114866,0.006889511871889191,0.15908135541849353,0.1522572496363939,HARMONIC_DISTORTION
0.764298397795495,1.297827712662171,1.6980641545312167,-1.4210854715202004e-17,0.764298397795495,0.5374619387638654,0.001834607372434007,0.03058486761272882,0.004248742545825965,0.006171185353946172,0.060031884246647745,0.19158781952825554,NORMAL
0.7931257689732459,1.3329660709010356,1.6806490509401162,1.4210854715202004e-17,0.7931257689732459,0.5255104763360452,0.025467532211810102,0.05507224711540519,0.0318669959724796,0.08333200980456847,0.30117018085720315,0.15993400480247494,CONTROLLED_ANOMALOUS
0.6264934849307349,1.0336454008346436,1.6498901037237816,-3.552713678800501e-17,0.6264934849307349,0.42124664565149067,0.0046003328463351464,0.10551724336152234,0.05752601074760809,0.005719089073054882,0.2868128892980467,0.28771400109453243,HARMONIC_DISTORTION
0.9364211353471165,1.6291425754735407,1.7397541704028747,1.4210854715202004e-17,0.9364211353471165,0.6539816996647093,0.004996352465976745,0.024372666904133502,0.006727516143461556,0.006977799812237268,0.04257285261507799,0.1571050064156625,LEGITIMATE_HIGH_LOAD
0.9714148154800442,1.7010301342139402,1.7510852285831588,-2.1316282072803006e-17,0.9714148154800442,0.6585660098681144,0.12242577512743484,0.046217902630949666,0.03478385553520248,0.04124058765894715,0.25732313974314514,0.38386026841507287,CONTROLLED_ANOMALOUS
0.5916193987478976,1.0644976979593839,1.7992947834575492,2.4868995751603507e-17,0.5916193987478976,0.409619578818339,0.004394319920577641,0.036031163384289924,0.024517202408875848,0.0050369279791172014,0.10957310741869596,0.24580763984079976,HARMONIC_DISTORTION
0.7229943330579577,1.2222204182726037,1.6904979228580295,-1.0658141036401503e-17,0.7229943330579577,0.5078283212725839,0.00807165052247053,0.012062038470989585,0.00764504456883179,0.005451152604399885,0.03862295758426916,0.12819957121251366,NORMAL
0.7637688892070437,1.6162052634039124,2.116092035487176,3.552713678800501e-18,0.7637688892070437,0.5087687242404845,0.01903701105480523,0.004371575934835665,0.011166006486320781,0.005807668482724986,0.05188612810991725,0.7572217611419837,TRANSIENT_EVENT
0.6137817181297862,1.1674961979863259,1.9021358302161988,7.105427357601002e-18,0.6137817181297862,0.42812100717570545,0.008269063693663101,0.033002659328010886,0.003599465827327983,0.005467366519575008,0.08665109609237201,1.2529508542165957,NORMAL
1.0082001512346528,1.7941710861856368,1.7795782751951341,2.842170943040401e-17,1.0082001512346528,0.6833850415784808,0.004122896809280135,0.15926779661957655,0.10997946736335804,0.0036776429292271406,0.28363408229948617,0.3914990982045006,HARMONIC_DISTORTION
0.7485010149377059,1.476814154162512,1.9730289267348822,2.1316282072803006e-17,0.7485010149377059,0.49818267882277434,0.03378724727544013,0.03321592125544728,0.028485876389650742,0.11921944965962619,0.28682268401720523,0.2761935267978448,CONTROLLED_ANOMALOUS
0.8226692867712387,1.4390876287887218,1.7492905739033524,1.4210854715202004e-17,0.8226692867712387,0.575100293242288,0.0039656341346869795,0.034385221158060426,0.005341717653807971,0.004445254820711003,0.06362425316441218,0.16563673734260745,NORMAL
1.091034868570314,3.02867752233168,2.775967670309605,1.4210854715202004e-17,1.091034868570314,0.7577662113768735,0.04769327632160627,0.019063384071912146,0.015062629115213201,0.011690327985212752,0.0829387923272575,5.435360946619719,TRANSIENT_EVENT
0.7473921024500358,1.2903952362174176,1.7265304677255167,-7.105427357601002e-18,0.7473921024500358,0.5236626395202896,0.005070987865643302,0.007070916571266717,0.003148284785901643,0.005204852270930934,0.026570202350691487,0.14430809939297687,NORMAL
0.7821868744912648,1.3754695040607736,1.7584921825176119,7.105427357601002e-18,0.7821868744912648,0.5460521255725994,0.0038010501425554876,0.03408357155409903,0.005830614178350629,0.0026804791049412904,0.06595249462805075,0.17715788130673815,NORMAL
0.8069416963324318,1.40014476276542,1.7351250643374974,-3.907985046680551e-17,0.8069416963324318,0.5664204933955006,0.009482036787275801,0.010854951284869666,0.004716790910901319,0.0037753688613125355,0.031193258835943285,0.16983472667907432,NORMAL
0.8454122384637608,1.4211266329740317,1.6809865865632951,7.105427357601002e-18,0.8454122384637608,0.573123785097688,0.059657536483871565,0.05864492911505683,0.02820946727703714,0.06632640411581858,0.27009775175749723,0.26499516102056087,CONTROLLED_ANOMALOUS
1.0519993630871627,1.8613281494043572,1.7693244071385794,7.105427357601002e-17,1.051999363087163,0.7346007470361006,0.0030177911741216543,0.0938763196440793,0.005345280239989607,0.005171745749532791,0.12909985816129424,0.4947478266171651,LEGITIMATE_HIGH_LOAD
0.8916549446983808,1.6745220361826938,1.8779933270589697,-2.1316282072803006e-17,0.8916549446983808,0.6162409522861285,0.0042971192060694795,0.06620986995176247,0.08942932092584739,0.00726268754527543,0.18182692402938908,0.2987395135562378,HARMONIC_DISTORTION
1.0538322662577344,1.859587754921897,1.764595576035532,2.1316282072803006e-17,1.0538322662577344,0.715205949963643,0.17486044922529795,0.013574498374095715,0.014984744499746237,0.1058513191719045,0.2911379648251366,1.1037203059336909,CONTROLLED_ANOMALOUS
0.6940659207526504,1.2859473599211635,1.8527740974901525,0.0,0.6940659207526504,0.4829262220312619,0.00353132880182181,0.00410689831336285,0.006267651307027873,0.006570129009510842,0.02892912656021011,0.19965962607946933,NORMAL
0.6747479733540696,1.3836900990474112,2.0506769248513605,7.105427357601002e-18,0.6747479733540696,0.4660059442705756,0.01180236858964775,0.007927135488937352,0.005208520636032918,0.005231974185766851,0.04090484849059901,0.8953870190832042,TRANSIENT_EVENT
0.5869523849350595,1.0566738403111513,1.8002718234598567,-1.7763568394002505e-17,0.5869523849350595,0.4102830267988549,0.0034475805724019587,0.030350988636585963,0.008802071419467577,0.002002068238552503,0.07974054593004798,0.22636816278403585,NORMAL
0.9858271928877671,2.9407296967921406,2.9830072836375208,0.0,0.9858271928877671,0.6683738745140949,0.025610306266589514,0.009983418129308787,0.010254776584435894,0.006022532462893499,0.048487483493663365,5.708036932983013,TRANSIENT_EVENT
1.0167416298734635,1.6004616953247734,1.5741085525572074,4.9737991503207014e-17,1.0167416298734635,0.6933952913315176,0.003819858338082768,0.14151478335720202,0.08684025645827821,0.004473878283505347,0.24000364389196807,0.19143680452610726,HARMONIC_DISTORTION
1.0982722556074782,1.9322475596240767,1.7593520638972244,-4.9737991503207014e-17,1.0982722556074782,0.7342760899811921,0.18805842567193484,0.008732397573027266,0.0035014380504000834,0.0867897707822831,0.31459510655188233,0.8653404122500205,CONTROLLED_ANOMALOUS
0.7675896195180079,1.3587928625631336,1.7702074494133462,-1.0658141036401503e-17,0.7675896195180079,0.5339641840269964,0.003117196258660878,0.03321493223057365,0.0036478440701808892,0.0048430385710507735,0.06532056662140028,0.2442285548618302,NORMAL
0.8677890278329756,2.7790625535142146,3.2024633457904286,-1.7763568394002505e-17,0.8677890278329756,0.5700190169973669,0.014393034873712771,0.009536075646210127,0.008764674280293783,0.0029806612742312505,0.03921670456538064,7.047363849720664,TRANSIENT_EVENT
0.9585697749723734,1.5383806889963243,1.604870849428422,-2.842170943040401e-17,0.9585697749723734,0.6710128913109773,0.0033377007372638753,0.02780773704554601,0.008001736349023646,0.005802175013826799,0.04640561646655441,0.16402313323436152,NORMAL
0.5910917495530102,1.0901104666191714,1.8442322489588534,-7.105427357601002e-18,0.5910917495530102,0.38703028139600265,0.055086744668587394,0.029672287498456466,0.01847619999683433,0.07051983867084408,0.30581071976503793,0.3467228132757988,CONTROLLED_ANOMALOUS
0.9074225303525895,1.5967263571909183,1.7596282919826687,-4.263256414560601e-17,0.9074225303525895,0.6376436373025981,0.004190352383030756,0.028996585704203184,0.003882794935856674,0.0045123809060867975,0.04902007536022044,0.17590879981243984,NORMAL
0.815710062515546,1.7113669313300246,2.09800885139554,0.0,0.815710062515546,0.5675770360270183,0.0065661788825541485,0.05410332684307027,0.004555652289714152,0.004483496507329097,0.09949851259568632,0.3349628644756978,LEGITIMATE_HIGH_LOAD
1.0418956002911677,1.8051829246907307,1.7325948244586646,-3.552713678800501e-17,1.0418956002911677,0.7315101997000353,0.007066486858162041,0.038814818147831574,0.00857574551119935,0.0033329601966155266,0.05793702664073288,0.2295446941534288,LEGITIMATE_HIGH_LOAD
0.9411521191370802,1.5787506914772211,1.6774660114719178,2.842170943040401e-17,0.9411521191370802,0.6586674284919694,0.0014297588745142084,0.016029354414607507,0.0021026588060615576,0.005833612908771288,0.03000618443005236,0.13815084044288248,NORMAL
0.9456241726521205,1.5276105252058767,1.615452067941012,-1.4210854715202004e-17,0.9456241726521205,0.6543948048707398,0.004080050543989494,0.06172474646945934,0.06213476947284793,0.0030819851655412536,0.1348928609211269,0.15112665008023574,HARMONIC_DISTORTION
0.7125083555161507,1.4034957821032126,1.969795541676843,1.4210854715202004e-17,0.7125083555161507,0.47933002556286797,0.05316443131305092,0.0044302371698590436,0.005896888439903953,0.10439888736793906,0.2535084610886184,0.32235636042585863,CONTROLLED_ANOMALOUS
0.5918008313024333,1.0675235527560942,1.8038561223489529,-1.7763568394002505e-17,0.5918008313024333,0.41343109741441064,0.006473198803857571,0.0028359970963640004,0.0015882563853604902,0.007693882456500543,0.03646694665431894,0.20084147451670323,NORMAL
0.9116394500222902,1.5986772473064894,1.7536288576228252,-2.1316282072803006e-17,0.9116394500222902,0.635697985302832,0.005327860513157063,0.066915925768292,0.01955146134766999,0.0033913876029067454,0.11087837017164683,0.4028053092620302,HARMONIC_DISTORTION
0.9515087679393406,1.8031457084394362,1.8950384580737654,0.0,0.9515087679393406,0.6585768977596594,0.046040817358430366,0.009384134968403136,0.00756840682167858,0.08405573580386891,0.17865498837427615,0.3046703194833277,CONTROLLED_ANOMALOUS
0.6891004204961991,1.2842426072814246,1.8636508832147898,2.842170943040401e-17,0.6891004204961992,0.4583278670149094,0.07941991290553313,0.026421879400037644,0.027666617567305984,0.08220178002698847,0.2795859675462099,0.38554905654746174,CONTROLLED_ANOMALOUS
0.9187578480800238,1.5892347526192794,1.729764546708783,2.1316282072803006e-17,0.9187578480800238,0.6435286328240882,0.0042721854106071745,0.005095439053253627,0.0043313868141612805,0.0027248033200819506,0.01758305176160593,0.12332807397077274,NORMAL
0.7646827690136396,1.3683899986161219,1.7894871626062676,-7.105427357601002e-18,0.7646827690136396,0.538375712064955,0.008653027757700797,0.016748304245834938,0.007537867636712617,0.0022686243593830215,0.042473737790433765,0.19249560747940264,NORMAL
0.8151412482147624,1.6401418540026103,2.012095275014825,-7.105427357601002e-18,0.8151412482147624,0.5523030939493897,0.007146121723266762,0.012406133114584383,0.008846198759502438,0.008903688046290718,0.044413219847973556,0.9434669901436754,TRANSIENT_EVENT
0.8255720785871781,1.533541858194616,1.857550537342547,-2.842170943040401e-17,0.8255720785871781,0.5777624455707326,0.002711684551196609,0.030369430813406383,0.0033162680647966904,0.0029774400704114215,0.05558192550733814,0.1499034891364118,NORMAL
0.7692542021716225,1.4547511199332204,1.8911188470942688,-3.552713678800501e-18,0.7692542021716225,0.536134393218454,0.0030842348866127736,0.05208252514612119,0.004751492745488762,0.00288683711163012,0.10072778538545968,0.4251714719341782,LEGITIMATE_HIGH_LOAD
0.6364374689657738,1.1368565466955483,1.786281609948213,0.0,0.6364374689657738,0.43615475254246394,0.011363957432490083,0.004240192670297778,0.006484096268828552,0.007318258054690656,0.046976890721179665,0.7668559073076961,TRANSIENT_EVENT
0.9270726478796092,1.5179187627505581,1.6373245033410553,-4.263256414560601e-17,0.9270726478796092,0.642127773185254,0.006968280379482519,0.08130667950260878,0.0393764910853412,0.008038205087285904,0.1423707366031547,0.3938013878981057,HARMONIC_DISTORTION
0.7764839073485568,1.593745997366842,2.0525164556326385,2.842170943040401e-17,0.7764839073485568,0.5079748717081218,0.10303208835240976,0.008385791388191689,0.009816766839916396,0.1411897491587645,0.34783817887002744,0.4624218906470348,CONTROLLED_ANOMALOUS
0.7551068539402918,1.5480690782014415,2.05013246817099,2.842170943040401e-17,0.7551068539402918,0.5155940708928819,0.002820497007683866,0.12153491956946393,0.03562819862078483,0.0036907185140566943,0.24620510575265722,0.8183990492734258,HARMONIC_DISTORTION
0.5953511453338067,1.1204277190668537,1.881961138142503,-1.4210854715202004e-17,0.5953511453338067,0.4145615168707797,0.007634943661401082,0.009508664608383456,0.004110894472022922,0.006091394440170712,0.040917347515210735,0.19539132814286536,NORMAL
0.6257233870204492,1.607953170756606,2.5697507942180473,-1.5987211554602253e-17,0.6257233870204492,0.4130800218411096,0.02842000473517716,0.013427852954878453,0.011505269687321403,0.0027903350084288853,0.08948483196604495,3.356877084222204,TRANSIENT_EVENT
0.898041605847612,2.2196264077213845,2.471629814552302,1.0658141036401503e-17,0.898041605847612,0.6178366106768644,0.01804180789045463,0.0025834334066002873,0.00802205640748035,0.0023930523430016446,0.03762294423568814,1.2943361184977062,TRANSIENT_EVENT
0.6968812223628295,1.9347694300927918,2.7763259620237823,-2.1316282072803006e-17,0.6968812223628295,0.42298372414199925,0.0350124364539041,0.010952816536904405,0.012179696703028401,0.00935153478610519,0.10597360895548916,4.280970344360674,TRANSIENT_EVENT
0.7696740677971925,1.2865708505860898,1.6715787947335372,7.105427357601002e-18,0.7696740677971925,0.5271661170625389,0.0032039850423746822,0.10517625565943088,0.04941290416139437,0.002956520118308575,0.22117586447613433,0.49061829285610714,HARMONIC_DISTORTION
1.0517954049436846,1.8803612778060863,1.7877633510927582,3.552713678800501e-17,1.0517954049436846,0.7203851043437868,0.04405067534141476,0.05476051903022229,0.04021290896710805,0.10913011604808366,0.19994502827581667,0.1956127624609063,CONTROLLED_ANOMALOUS
0.9412724883859861,1.5274038812235817,1.6227010776046837,-2.1316282072803006e-17,0.9412724883859861,0.6624423716806401,0.0051155289893672,0.00864689858971315,0.006788057323815858,0.0040733650987476834,0.025745955602789007,0.11863681419098576,NORMAL
0.640704750302332,1.2924928428980567,2.0172986735125074,-1.0658141036401503e-17,0.640704750302332,0.45254652991963346,0.013068307369976143,0.01670600328874191,0.0033495393730775913,0.0032480033093122986,0.053261706676041215,1.2155692627709407,NORMAL
0.6971574432914831,1.2718480796483946,1.824334075303894,1.7763568394002505e-17,0.6971574432914831,0.4870967308985026,0.0031659359391246304,0.009004050620193141,0.005562624681909291,0.00760323161408069,0.03669097593740152,0.15910908294913212,NORMAL
0.9899856810770056,1.6620329014877047,1.6788453946925563,1.4210854715202004e-17,0.9899856810770056,0.669786182720212,0.0015021403294416802,0.17821356789280499,0.03349329122833356,0.003085760986948076,0.2715394306001159,0.7769950799383295,HARMONIC_DISTORTION
0.8009116125157195,1.3965865587000814,1.7437461723314327,-7.105427357601002e-18,0.8009116125157195,0.5488045134569033,0.023659759593189125,0.034799880807132574,0.008766985805574761,0.05585490319824341,0.16644197731346416,0.22862258473388433,CONTROLLED_ANOMALOUS
0.8342372287360593,1.4372435359766256,1.7228235404384582,1.4210854715202004e-17,0.8342372287360593,0.5850041561414818,0.017559143440747983,0.004770928669510281,0.005808522015355747,0.0016570421715457536,0.03767509245107206,0.37311906262905237,TRANSIENT_EVENT
0.9809292470321445,2.8722678578351615,2.928109103205319,1.4210854715202004e-17,0.9809292470321445,0.6538103924760056,0.02499160544691899,0.02430493091773887,0.013350256228762795,0.0016604307548927653,0.07432161173593439,6.531062079778305,TRANSIENT_EVENT
0.5998215356336024,1.225751414447319,2.0435268519536156,2.1316282072803006e-17,0.5998215356336024,0.3862249895375653,0.1063148734833489,0.005206797118771768,0.011018964671632927,0.06598368238414244,0.3707339819694777,0.7269379235975735,CONTROLLED_ANOMALOUS
0.6801615724891568,1.480352374046157,2.1764716413316,1.0658141036401503e-17,0.6801615724891568,0.46286880610005726,0.004408776036244075,0.08271339881698689,0.06619503244755173,0.00716283703198783,0.23050417318903246,0.163288962507898,HARMONIC_DISTORTION
0.8304844639327208,1.3645915677660023,1.6431271468993436,-3.552713678800501e-17,0.8304844639327208,0.5802451994868184,0.005527839977818387,0.017921407370893677,0.002668368279928848,0.0024737381135556714,0.03736510100837824,0.15476905622391302,NORMAL
0.7890647622866072,1.3861658541031208,1.7567200062086061,-7.105427357601002e-18,0.7890647622866072,0.5430359150074553,0.01915915843959427,0.021271900493110583,0.01824954771497359,0.03940083853995622,0.15490215952118075,0.20039459746094912,CONTROLLED_ANOMALOUS
0.6591506386286567,1.1618835569262396,1.7626980675365858,-3.907985046680551e-17,0.6591506386286567,0.4573314815770717,0.0055382916231034056,0.027257382876902103,0.027635299179210822,0.0042472810303432655,0.08868851663203431,0.18894721538237838,HARMONIC_DISTORTION
0.9313958190796238,1.5439530398988717,1.6576765841879748,1.4210854715202004e-17,0.9313958190796238,0.6535774682042683,0.004814732087720365,0.005370746025444481,0.005157773799537578,0.0059267604729958305,0.021176091191143578,0.13324303091624476,NORMAL
0.648199377533725,1.3006174564389679,2.0065083391279535,-3.1974423109204506e-17,0.648199377533725,0.43887680861976885,0.04239484163318851,0.01678643439327358,0.01434238607050436,0.04962992148001227,0.1948720698350731,0.45783265742292834,CONTROLLED_ANOMALOUS
0.5956901874009943,1.1584665574429756,1.9447467524979443,7.105427357601002e-18,0.5956901874009943,0.4131057861432116,0.0031613936178096725,0.023825800446432035,0.0033517456013618307,0.004389195121781989,0.06900957116500181,0.21252314018087778,NORMAL
0.5699930832309195,1.3849722368036785,2.429805338958103,-7.105427357601002e-18,0.5699930832309195,0.3851620077069741,0.004444739810579442,0.08352072581544871,0.04197446619404311,0.005460746142896971,0.24420889709006152,0.3334832295967905,HARMONIC_DISTORTION
0.6809777913196633,1.6823827718159583,2.4705398520496207,1.7763568394002505e-17,0.6809777913196633,0.4632449069012759,0.014291200631072004,0.014940463643929777,0.007222537909525256,0.004899601102762537,0.058205026790543735,2.7455506738643636,TRANSIENT_EVENT
0.9237837628148472,1.54244084918367,1.6696990261917166,1.4210854715202004e-17,0.9237837628148472,0.6484380106114226,0.006164925954919109,0.01929339256501839,0.004188052373774579,0.0024368515246511327,0.03375053776455693,0.1428612927452887,NORMAL
0.5847533425320656,0.9946161496511003,1.7009157148965925,0.0,0.5847533425320656,0.4047403341157709,0.004493819171563105,0.0317308275489627,0.0074620392351509085,0.0023139881519412585,0.08442353344588421,0.2542845142527015,NORMAL
0.678484870357331,1.3496470492091501,1.9892072884371685,1.7763568394002505e-17,0.678484870357331,0.45245536812523396,0.006463074676990435,0.022235179488987206,0.010089463152638808,0.03971280606493997,0.2687477966136516,0.34005307944759056,CONTROLLED_ANOMALOUS
0.8093408175077765,1.4027212148314225,1.7331650455377465,-7.105427357601002e-18,0.8093408175077765,0.5519738330115369,0.0024760949480512632,0.12319146702368873,0.04687450137923284,0.007176237415545442,0.23969428819842095,0.6991706450579953,HARMONIC_DISTORTION
0.7644609417668928,1.3143785530707048,1.7193534440527354,1.4210854715202004e-17,0.7644609417668928,0.531332003090548,0.005404864194010322,0.03986071150948757,0.005706948818788409,0.0062715179748926994,0.07920810152592837,0.22512714695307917,NORMAL
0.9041519233046227,2.5944474215367417,2.86948172609553,-7.105427357601002e-18,0.9041519233046227,0.5420813900603422,0.028269164935117507,0.025226314561805453,0.012156909786985734,0.005365315545992853,0.09367028653533278,3.5058216328616196,TRANSIENT_EVENT
1.2776804736229312,1.9601224307233698,1.5341256841511697,4.9737991503207014e-17,1.2776804736229312,0.8968805652286876,0.009785970778371473,0.07569030495376486,0.006373636126261485,0.0022488775317597164,0.08614508725282023,0.13076790568587457,LEGITIMATE_HIGH_LOAD
1.0165687000095414,1.8128166411978144,1.7832701726708677,3.552713678800501e-17,1.0165687000095414,0.6901210162423929,0.0036636416925127082,0.15905285993345866,0.08204349498284334,0.00301528720071892,0.25971802506729474,0.7628998639384519,HARMONIC_DISTORTION
1.2267957382429737,1.9336483681633483,1.5761779307553956,-1.4210854715202004e-17,1.2267957382429737,0.8566053338281701,0.006333927899417723,0.11091030997400247,0.004889230277009724,0.004641923879173736,0.13037134794721006,0.22508450025090287,LEGITIMATE_HIGH_LOAD
0.9691462386833396,1.8329949852891998,1.891350254611178,-4.263256414560601e-17,0.9691462386833396,0.6560318174078893,0.03987377981814014,0.00921776002407727,0.012256429039201641,0.0563203204361095,0.26207760611073405,0.20218485469306566,CONTROLLED_ANOMALOUS
0.8620917079821422,1.4856829737760735,1.7233467855218585,0.0,0.8620917079821422,0.601519621324188,0.007126602275323055,0.04716464004595764,0.004826860125290317,0.006239713922425028,0.08175830160531256,0.16372779057221964,LEGITIMATE_HIGH_LOAD
0.8358277029979924,2.1025761169384465,2.515561651518383,-7.105427357601002e-18,0.8358277029979924,0.5605523031460049,0.011940623674077087,0.006673770342749141,0.004146940011984705,0.00530502821038544,0.03207986817905781,3.3177751192213534,TRANSIENT_EVENT
1.2103370179376318,2.2483337548758047,1.857609675284393,-1.4210854715202004e-17,1.2103370179376318,0.8415626770769684,0.004691097156067804,0.0859370897270386,0.005297482116614999,0.00862157835240732,0.10490832457374412,0.16624046504856513,LEGITIMATE_HIGH_LOAD
0.5730614941159602,1.1267080340399578,1.9661206443090138,2.4868995751603507e-17,0.5730614941159602,0.3784947140611399,0.058331580431855205,0.019056981155125573,0.015007960478912938,0.023531319845324465,0.2699228745109243,0.31492901828366093,CONTROLLED_ANOMALOUS
0.7724088348854433,1.427702842078846,1.8483771515774932,0.0,0.7724088348854433,0.5432026366225331,0.0032711589249685372,0.029543227744068017,0.008037429888618152,0.0023692155972781367,0.060832392344232475,0.2983695560769138,LEGITIMATE_HIGH_LOAD
0.5935421637217527,1.1211953125526744,1.8889901696659932,1.0658141036401503e-17,0.5935421637217527,0.4039075753034967,0.0027539242720173375,0.08159754780331666,0.04263426579606425,0.002465423866783392,0.2288050289803326,0.3291610635012358,HARMONIC_DISTORTION
0.7055306037108028,1.1654979285871734,1.6519452486640982,-1.4210854715202004e-17,0.7055306037108028,0.47645479998386997,0.005286898193905089,0.09925954089515636,0.08541803294424583,0.003342048142813865,0.2759158461175971,0.21941986243082814,HARMONIC_DISTORTION
0.9618575537591849,1.7432440416010817,1.8123723567882155,-2.842170943040401e-17,0.9618575537591849,0.6761326628135612,0.005156423253251406,0.05164629128717464,0.004170466056178047,0.007578237937885504,0.07936192486496137,0.18325618745046318,LEGITIMATE_HIGH_LOAD
0.7522616514393663,1.8215106304920148,2.4213790866605565,-1.7763568394002505e-17,0.7522616514393663,0.5077175274711401,0.010485962723494125,0.0051900526279696785,0.0053513010819631855,0.005648000339683292,0.038259735791247904,2.710665194368606,TRANSIENT_EVENT
0.788153362750949,1.3573703926796248,1.7222160772643234,-7.105427357601002e-18,0.788153362750949,0.5460288708375794,0.00369263173141182,0.05071713220944377,0.004847877827078033,0.008106482473869315,0.09864524293396902,0.2522731077203052,LEGITIMATE_HIGH_LOAD
0.5947872673984341,1.083343531050903,1.8213966411711977,7.105427357601002e-18,0.5947872673984341,0.40854726157715376,0.007735393151066007,0.059600988884234,0.049888652657545635,0.006984675276154111,0.19421947264146724,0.24297655449027267,HARMONIC_DISTORTION
0.6770359812042803,1.267877173147019,1.8726880230084342,-3.552713678800501e-18,0.6770359812042803,0.463361872215992,0.005068084906932425,0.06761025080932534,0.04971288771959977,0.005376568191821829,0.18272143511887784,0.3057069603157436,HARMONIC_DISTORTION
1.2195910302817377,2.072255581151842,1.6991397359433926,5.684341886080802e-17,1.2195910302817377,0.8581264025095799,0.0024451478729569653,0.017528703167616233,0.00534523957930418,0.004058742647211224,0.030922243864032268,0.15601739626405123,LEGITIMATE_HIGH_LOAD
0.9317249046064723,1.7155407938815768,1.8412524827874603,-7.105427357601002e-18,0.9317249046064723,0.6416121673215573,0.026681641697303946,0.006385480088701442,0.01053916195894453,0.113763204030686,0.18797593541716104,0.22131037104727164,CONTROLLED_ANOMALOUS
0.7060257123349754,1.2731076192141833,1.8032029102789315,-7.105427357601002e-18,0.7060257123349754,0.48993530742545216,0.004384580442184638,0.07520454296972538,0.02798668943023386,0.006851329049312473,0.16631601408095747,0.42640896970546976,HARMONIC_DISTORTION
1.1776809411015239,2.0022792118927484,1.7001881766210383,-3.552713678800501e-17,1.1776809411015239,0.8287835745947713,0.00613256804442911,0.03676762106947857,0.006460403793597498,0.007471738845662254,0.047641327157316754,0.13952172334395732,LEGITIMATE_HIGH_LOAD
0.7022926616735696,2.032335099057525,2.8938578031193614,-1.7763568394002505e-17,0.7022926616735696,0.4728401214132195,0.019215534326467054,0.008025285500853198,0.008785315995519087,0.005862018153674411,0.05925628410324669,3.7040130441984966,TRANSIENT_EVENT
0.6552701406688116,1.2022802037327416,1.8347855779077857,-2.1316282072803006e-17,0.6552701406688116,0.4483790783257646,0.006182335831258005,0.06062011518227593,0.058860124073726636,0.007326301887461766,0.19127216715044748,0.2815009249445775,HARMONIC_DISTORTION
0.9248036065477043,1.6197899112061434,1.751496101159062,3.552713678800501e-17,0.9248036065477043,0.6493020424434214,0.0076259914582860015,0.026674082126483412,0.0029653879795274425,0.0035533073172884476,0.046505519094805554,0.22114455001972314,NORMAL
0.9696271847035158,1.8563159080544858,1.914463556033749,3.552713678800501e-17,0.9696271847035158,0.6695420009543642,0.07962958153003294,0.01212695744214855,0.011493828767310007,0.034869827578088985,0.153883051738484,0.2872073439723982,CONTROLLED_ANOMALOUS
0.7505619136024663,1.3503132004519702,1.7990697049506312,-2.4868995751603507e-17,0.7505619136024663,0.5088289400206032,0.02358383947337296,0.041821533244564155,0.014381869799520563,0.06680987595007616,0.2279777753390989,0.2613349188607048,CONTROLLED_ANOMALOUS
0.630875096290314,1.1639454827175078,1.8449697722445635,-1.0658141036401503e-17,0.630875096290314,0.4075692408853939,0.06607430292454713,0.02791841140390409,0.02358239144943143,0.06038416936125342,0.34598599555721427,0.36647912724280474,CONTROLLED_ANOMALOUS
1.0462482688746109,1.7949885081929777,1.715642989903098,-7.105427357601002e-18,1.0462482688746109,0.7285981128796781,0.005396046127199415,0.08815412864223209,0.0032288509358801777,0.0038584635233562797,0.12210259073117119,0.5346557592276863,LEGITIMATE_HIGH_LOAD
0.9354576227381696,1.6995721219689393,1.816834970026902,3.552713678800501e-17,0.9354576227381696,0.6246127058174753,0.005591880993928103,0.16921066121267528,0.10898541139461443,0.0021327402709947203,0.3229502158733923,0.32122336173346683,HARMONIC_DISTORTION
1.0617834845022731,1.9150485360500606,1.803614921499526,-4.9737991503207014e-17,1.0617834845022731,0.71326472882864,0.03717304764008189,0.025824497671750154,0.029768962122744973,0.0939159101742091,0.30285411030581727,0.23466510784803926,CONTROLLED_ANOMALOUS
0.8550743941138443,1.4092365999842682,1.6480865404053286,-2.1316282072803006e-17,0.8550743941138443,0.6006434242245744,0.0018942052469616449,0.011350607443452494,0.004793625638455833,0.005458041099655166,0.027872581414644854,0.12548188461887205,NORMAL
0.8776777196633276,1.4777754097078954,1.6837335352146823,-3.552713678800501e-17,0.8776777196633276,0.6036826157898066,0.0029837885255839924,0.09802580482506806,0.06183787272733032,0.003589329161485545,0.192911074335096,0.4803185740814092,HARMONIC_DISTORTION
0.9366017512794017,1.9806082894264727,2.114674979756288,-7.105427357601002e-18,0.9366017512794017,0.5995138599085231,0.014156435980305413,0.022533842798047644,0.011476089430908203,0.011775939897331646,0.06011145117436068,0.6563809197313706,TRANSIENT_EVENT
0.8880861007772564,1.5974126612497552,1.798713728152815,-2.1316282072803006e-17,0.8880861007772564,0.6204834903400941,0.004214515352758471,0.052523679240943894,0.005974606835073844,0.0037245215941414654,0.08819912032447917,0.3321089195303905,LEGITIMATE_HIGH_LOAD
0.5614448124880065,1.1718725836133106,2.0872444763007656,1.0658141036401503e-17,0.5614448124880065,0.3819669124475542,0.002177701251922375,0.04705349945766998,0.0623678395874372,0.003855872803954938,0.20617770254024528,0.23893122020116853,HARMONIC_DISTORTION
0.5947649997924181,1.2623947065819507,2.122510078808513,1.7763568394002505e-17,0.5947649997924181,0.40670489804333027,0.00623378673497834,0.06016967510274808,0.06879451442499677,0.005134676629436635,0.22738632595076622,0.30715783885968573,HARMONIC_DISTORTION
0.6680917211738195,2.1224967866646733,3.1769541806857036,2.842170943040401e-17,0.6680917211738195,0.4121122686437994,0.0166896551287034,0.02997708319261325,0.01462758061901482,0.003907943438447108,0.11219484553303888,6.427881391268354,TRANSIENT_EVENT
0.7370138658555636,1.3043737484562974,1.7698089668124672,0.0,0.7370138658555636,0.5147849554667114,0.004520944551992677,0.0067661954205390454,0.00296281394595037,0.005966056474014837,0.029118845187659774,0.16236949146382315,NORMAL
0.725770131386674,1.3205868444612696,1.819566261204666,0.0,0.725770131386674,0.5045338904405129,0.005953501347093761,0.03269233252979625,0.003732455284924135,0.005443113736859805,0.07003605200049125,0.2100833146416367,NORMAL
1.016159802330937,1.95034570961061,1.9193297207159477,5.684341886080802e-17,1.016159802330937,0.6933159528237669,0.1393597743981058,0.06022995966632264,0.00668376673525994,0.048739734932118695,0.2405747795266201,0.3668946874958316,CONTROLLED_ANOMALOUS
0.7997729968778601,1.362471431407797,1.7035726846575083,-1.4210854715202004e-17,0.7997729968778601,0.5557387518049186,0.0043810250808443574,0.04482823048257959,0.007580243852524666,0.0038831456090635914,0.08580764240945281,0.18775052836756081,LEGITIMATE_HIGH_LOAD
0.7949705834012865,2.054595456226949,2.5844924317027553,3.552713678800501e-17,0.7949705834012865,0.5363931859699993,0.008848523845664622,0.00869820280022788,0.004374794765970718,0.003423658562905493,0.03217121446561938,2.8890400537381073,TRANSIENT_EVENT
0.6911065610944862,1.2225650194554656,1.7689964012486343,-2.4868995751603507e-17,0.6911065610944862,0.4847574103422428,0.0049630519321173456,0.0030882624672827082,0.004261575633353245,0.006686238210942517,0.02441117243899926,0.21565356652140386,NORMAL
0.7153969222022892,1.3414106334122393,1.8750578759590124,-7.105427357601002e-18,0.7153969222022892,0.5014146513851742,0.002844311951735425,0.02990371646626661,0.003150649186432493,0.00558114590680767,0.06359225808919972,0.1750415234306929,NORMAL
0.8382534128757028,1.8834136616055526,2.2468308898908442,-2.842170943040401e-17,0.8382534128757028,0.5578962128610852,0.03063243093903021,0.007294917471708357,0.010611556073392307,0.012555174093626099,0.07686758496106212,0.8944979861789449,TRANSIENT_EVENT
0.5562918363549206,1.0566469457081769,1.8994471546298657,1.4210854715202004e-17,0.5562918363549206,0.3807275542013951,0.0047430465262935295,0.026936951064148267,0.04909619993458971,0.005154028604327771,0.15141519694608813,0.18767851539571576,HARMONIC_DISTORTION
0.967594127498426,1.669047662453802,1.7249460440286901,-3.552713678800501e-17,0.967594127498426,0.6499296989656715,0.14393066722945907,0.02503485220301953,0.03393557030659116,0.09905743813957638,0.3108436738157624,0.38941502484157786,CONTROLLED_ANOMALOUS
0.93683277818382,1.490079379905671,1.5905500048732242,2.842170943040401e-17,0.93683277818382,0.6258273419093379,0.004015255062792617,0.16823220156307842,0.1080464627759329,0.0053930556871530306,0.32013971547506415,0.2830981233312688,HARMONIC_DISTORTION
0.9366677676672812,1.5189411864775626,1.6216434886623683,-2.1316282072803006e-17,0.9366677676672812,0.640540243159741,0.007384961389260868,0.12224954825067516,0.06660614286012505,0.0035323586228240907,0.21846437552117584,0.16843530478059265,HARMONIC_DISTORTION
0.8072474914779132,1.473061642072822,1.8247955647108083,0.0,0.8072474914779132,0.5614488692864238,0.010349504077143216,0.011504306916137429,0.006559651474503011,0.0048593997069552265,0.038119714948588804,0.7041406808069863,NORMAL
0.7978073724894784,1.2678975827329177,1.589227708909946,-3.1974423109204506e-17,0.7978073724894784,0.5549965632077658,0.011220783663848358,0.02408862561408514,0.005965672708082378,0.004603096095995312,0.05439734302135657,0.3710788359788709,NORMAL
0.7773636000031408,1.343720951103864,1.7285617066433712,2.1316282072803006e-17,0.7773636000031408,0.5433972395893577,0.004961075633007112,0.02079268721921288,0.004880660052348599,0.0024944162277451415,0.04438303760595643,0.1905867184799816,NORMAL
0.8127765060787113,1.4051201404798115,1.728790300864991,-3.552713678800501e-17,0.8127765060787113,0.5636640518752645,0.007504762515200488,0.07596778267222655,0.0033493999753967524,0.0022933675111939033,0.13710011325979496,0.48736437835062457,LEGITIMATE_HIGH_LOAD
1.1146015375116558,2.1998307628939426,1.973647701765294,-5.684341886080802e-17,1.1146015375116558,0.7671453632661775,0.054517419484673424,0.009247839766864129,0.004080608305450853,0.11097982963254102,0.2136576072987904,0.26203138562716605,CONTROLLED_ANOMALOUS
0.7424854352011098,1.4151978571333061,1.9060277684100098,-1.7763568394002505e-17,0.7424854352011098,0.4877078027247259,0.015350690503219414,0.011928050400945633,0.005132429275123463,0.005927945052272385,0.057591025194692634,0.7865283152120092,TRANSIENT_EVENT
0.6381304085824954,1.6794366997939738,2.631807977188509,-7.105427357601002e-18,0.6381304085824954,0.3441181082789324,0.02298936941355607,0.028358788921333828,0.009676795237730101,0.0050270977073933795,0.1381484141334369,1.052784590445941,TRANSIENT_EVENT
0.9980180933002263,1.912597118913426,1.9163952354700187,2.1316282072803006e-17,0.9980180933002263,0.6941525781016973,0.009264237206703904,0.0868952591295997,0.0039069494377790585,0.004180892225164496,0.12737737012166947,0.14877243475775248,LEGITIMATE_HIGH_LOAD
0.6916215920538853,1.2116927599988794,1.7519591260888143,-1.2434497875801754e-17,0.6916215920538853,0.4555640742830564,0.0222943858110403,0.0028804494332992123,0.010394642061895836,0.010196232743600837,0.06867682367093789,0.7040763490437344,TRANSIENT_EVENT
0.9143578144717875,2.70652049128002,2.9600233611428597,7.105427357601002e-18,0.9143578144717875,0.6038983345952708,0.03212390087131535,0.008172436399081958,0.015314421158761833,0.00844445644083359,0.07168758461287313,5.2791409478173525,TRANSIENT_EVENT
0.9335241024121403,1.5699722230471052,1.681769350132944,-2.842170943040401e-17,0.9335241024121403,0.6509559583607573,0.004367337108507992,0.07838366094852382,0.006274853505260162,0.0037713860761963342,0.12329159152103701,0.19720063017162298,LEGITIMATE_HIGH_LOAD
0.6477694108804214,1.6352573961141035,2.5244436811110442,7.105427357601002e-18,0.6477694108804214,0.4528158999562889,0.02101198066566694,0.0029474122422981724,0.010484341414587046,0.00824176301904664,0.06741601005151815,3.3352570928573653,TRANSIENT_EVENT
0.639798421198286,1.8078128456354792,2.825597540940481,-7.105427357601002e-18,0.639798421198286,0.398154011508556,0.029043122120703906,0.010271591996620316,0.012337099796890691,0.012237617614171357,0.10368528425035653,4.982307170415591,TRANSIENT_EVENT
0.8715747539123404,1.575988229428389,1.8082077553922538,2.842170943040401e-17,0.8715747539123404,0.6148654674211445,0.0046318212791335,0.01773853614871823,0.0034292831964910396,0.0030918107823309548,0.03669316725156648,0.1631455227274362,LEGITIMATE_HIGH_LOAD
0.7560997354200639,1.4489896132169016,1.916400106147228,-3.552713678800501e-18,0.7560997354200639,0.5112411973567392,0.004251147296070865,0.10671183522573349,0.0883713464264037,0.004614326474045862,0.2719010262909661,0.11286029216945995,HARMONIC_DISTORTION
0.9511472810744147,1.591193000782353,1.672919675473333,4.263256414560601e-17,0.9511472810744147,0.653706754851349,0.004491569969076344,0.07373003835078865,0.110315212397115,0.005052532465168401,0.20377183867555812,0.09597365542331876,HARMONIC_DISTORTION
0.7685701950824076,1.3424440095416714,1.7466771651192274,-1.4210854715202004e-17,0.7685701950824076,0.5390374139440093,0.003463487764838407,0.041576878823816804,0.00453553224854833,0.0037751250765652154,0.08153760731815365,0.26478476978672405,NORMAL
1.0186313777546487,1.6879892363927778,1.6571149026584895,-2.842170943040401e-17,1.0186313777546487,0.6985628136814137,0.003937357791480609,0.10921736623100613,0.11341094368141642,0.0069909087843624835,0.22597832414387078,0.24566868857510843,HARMONIC_DISTORTION
1.045478024382118,1.895608584645165,1.813150100180707,-4.263256414560601e-17,1.045478024382118,0.7282063727634939,0.002132904133848413,0.09662186793444719,0.005741147447673308,0.007732854759608684,0.13471912828211138,0.5373117902359354,LEGITIMATE_HIGH_LOAD
0.8675381467765344,1.9605836172005435,2.2599393749835444,7.105427357601002e-18,0.8675381467765344,0.5881565284928133,0.01974624124233625,0.009602548376676677,0.004972180429763504,0.008231238487363663,0.05395382030424924,2.126488235102814,TRANSIENT_EVENT
0.909812377604748,1.6626711820770304,1.8274879777458344,-2.1316282072803006e-17,0.909812377604748,0.6131328337981407,0.0053788542406833,0.16636922454932046,0.06489023039248282,0.006245095139265665,0.29227368227440914,0.6743725011635514,HARMONIC_DISTORTION
1.0009193877973184,1.7320611449962449,1.7304701718366349,2.1316282072803006e-17,1.0009193877973184,0.6973575344937019,0.005630704770721423,0.08413520674270496,0.0027492415815997943,0.006626534730379686,0.12215664589593092,0.3577420375487953,LEGITIMATE_HIGH_LOAD
0.9899090099891735,1.787168873345014,1.805387015685977,-7.105427357601002e-18,0.9899090099891735,0.694608310657765,0.0020489486062628213,0.04412128746373779,0.03598910014777796,0.004023838518905721,0.0838020478382748,0.20864268047821272,HARMONIC_DISTORTION
0.8877112107257751,1.5875405548556736,1.7883524908486081,-3.552713678800501e-17,0.8877112107257751,0.6136859253149572,0.0061682997303094435,0.09341956993442425,0.062351388237099604,0.0061009594699303945,0.1843981458136332,0.1762796496321192,HARMONIC_DISTORTION
0.8177225341718445,1.3864217417632554,1.695467207794837,7.105427357601002e-18,0.8177225341718445,0.5730753368475315,0.006452426641377891,0.026926607471241627,0.004910047453560973,0.0032883889671659347,0.05231464488733316,0.2024076401209884,LEGITIMATE_HIGH_LOAD
1.0220702090031584,1.6106101360355218,1.575831211836588,-2.842170943040401e-17,1.0220702090031584,0.6875305596524253,0.003680751614238621,0.16272205380510488,0.11055832098365607,0.005384393807333951,0.286659441298048,0.5917907036671887,HARMONIC_DISTORTION
0.8989161254022158,1.5571832836991377,1.7322898540755216,2.842170943040401e-17,0.8989161254022158,0.6298983750056206,0.003361675342240811,0.012486774380679005,0.005413841403436835,0.004315749205360687,0.030052010157487066,0.17239692613834126,NORMAL
1.106806908631152,1.879383079507787,1.6980225411062186,-2.1316282072803006e-17,1.106806908631152,0.7720963470797458,0.005268802191353984,0.08614620040004814,0.010442482547827663,0.003917988073676308,0.1137074084080855,0.25208634459399526,LEGITIMATE_HIGH_LOAD
0.6690755411472391,1.2359951875290565,1.847317846068235,1.4210854715202004e-17,0.6690755411472391,0.47202694406674583,0.005887519414646775,0.003975291575561163,0.005267458433629363,0.0016879726334923474,0.02700594035662756,0.16394715648531086,NORMAL
0.74926174764072,1.3628915119276241,1.8189791701219307,0.0,0.74926174764072,0.5201173086179158,0.003813085662932352,0.03934330990384027,0.00772911803656288,0.006289690168804377,0.08134527914861882,0.24596138855923755,LEGITIMATE_HIGH_LOAD
0.4490631976244958,0.9485154141325293,2.11220919271517,-7.105427357601002e-18,0.4490631976244958,0.28731291862721814,0.022928465322214663,0.024108965605676835,0.027928109333429832,0.05608274782738526,0.3358660468827254,0.30078875557155865,CONTROLLED_ANOMALOUS
0.7264658717861499,1.2870806610991976,1.7717014812198586,-3.1974423109204506e-17,0.7264658717861499,0.49157385925795166,0.032927753982058446,0.03685653222834538,0.038176591384612706,0.08626283192176744,0.2402843795224064,0.27429602182562746,CONTROLLED_ANOMALOUS
0.6440935269050914,1.2882452691474424,2.0000903833602233,-1.0658141036401503e-17,0.6440935269050914,0.43170310818775753,0.028272909157248612,0.010944167112750692,0.01764348009481626,0.09585002950685854,0.26649359956196905,0.2808229244420933,CONTROLLED_ANOMALOUS
0.8775255663812066,1.7883206427584386,2.0379128668959745,0.0,0.8775255663812066,0.54753090469408,0.01369894979612234,0.024007182304767293,0.012957591265502577,0.008599428246992996,0.06970550476245611,0.38691008296464513,TRANSIENT_EVENT
0.5537079029178436,1.0200211729120245,1.8421647362027453,2.4868995751603507e-17,0.5537079029178436,0.37015330235825633,0.03480664697640732,0.018220694581588794,0.007508710214374335,0.03733457885362203,0.26522720678550366,0.29736372943535894,CONTROLLED_ANOMALOUS
1.0144243485886761,1.6464702132880027,1.6230586495470698,1.4210854715202004e-17,1.0144243485886761,0.711563608454594,0.001936407232980133,0.04776279232001052,0.008592810017337655,0.00368977572351533,0.07155210922282253,0.14957224507754932,LEGITIMATE_HIGH_LOAD
0.6711991811787777,1.1773220258461046,1.7540576014685545,0.0,0.6711991811787777,0.4553750124072883,0.008464166455837457,0.008081042989869126,0.006706528145162602,0.005781977360907867,0.04429285891084503,0.6764174701163932,TRANSIENT_EVENT
0.7798311286324212,1.368020504176372,1.7542522399374467,1.4210854715202004e-17,0.7798311286324212,0.5437691338861618,0.0032396097333521126,0.027495190024380556,0.00308905418213971,0.0045857592027747805,0.0560206742330622,0.23485238146050771,NORMAL
0.5664713656086235,1.084646947687393,1.9147427628968243,-1.7763568394002505e-17,0.5664713656086235,0.38272106956620944,0.004396922010008877,0.10644070370881294,0.03467917523736253,0.003146701245445856,0.2941170953601364,0.7329916128175948,HARMONIC_DISTORTION
0.7194041261087428,1.4843659139818055,2.063326939769919,-1.4210854715202004e-17,0.7194041261087428,0.48430467182166304,0.0038127926753538047,0.11691816310231068,0.07705591328937966,0.00571686838692936,0.29035576931610363,0.6015383676563396,HARMONIC_DISTORTION
0.6708203348610678,1.1790429388099166,1.7576135926978207,7.105427357601002e-18,0.6708203348610678,0.46266882217482286,0.007696745706591856,0.0616638244219767,0.024780450334815227,0.003744045945532172,0.14668937417483094,0.31504421857121123,HARMONIC_DISTORTION
0.9404750712341805,1.5773924149090814,1.6772293739153317,-2.1316282072803006e-17,0.9404750712341805,0.6584655502447291,0.0028164286611794495,0.05584623153797706,0.0055718198420809766,0.008047332686023067,0.08857160786323358,0.3105827722108836,LEGITIMATE_HIGH_LOAD
1.0394666500330427,1.8232507918942384,1.7540252896389514,4.263256414560601e-17,1.0394666500330427,0.7249562613964257,0.0025248950832104876,0.056088215247639614,0.0007785018353563533,0.004113491147733116,0.07916859708038129,0.2711759115199232,LEGITIMATE_HIGH_LOAD
0.578088203801553,1.2690600785062605,2.1952706700479663,-2.1316282072803006e-17,0.578088203801553,0.38428867679318784,0.06573131017253782,0.008649672158721314,0.012336861764457467,0.047033160849771945,0.26409998171119786,0.41163935016943215,CONTROLLED_ANOMALOUS
0.8308075246613669,2.6699311072596235,3.2136578304919357,7.105427357601002e-18,0.8308075246613669,0.5201742118152691,0.00726063406373032,0.01037427611592835,0.0063420619778120505,0.008825585884251466,0.03864085646775035,6.8296103084716915,TRANSIENT_EVENT
1.179282818697833,1.9217529923068788,1.6295946670611916,0.0,1.179282818697833,0.8278153228859654,0.005443074987820729,0.028995012269775515,0.007531411603746742,0.007884879892616202,0.040146126858340674,0.14184747542217926,LEGITIMATE_HIGH_LOAD
0.779891971696411,1.406613031151704,1.8035998345925492,0.0,0.779891971696411,0.5438799022712497,0.005299435334908327,0.021385954113556836,0.007246871176905239,0.003315718206125092,0.04758311926748717,0.18682751329301975,NORMAL
0.8483262499052907,1.6459668795681754,1.9402522081002862,7.105427357601002e-18,0.8483262499052907,0.5770526690854738,0.006053631000899875,0.1255702667595667,0.0736798626271282,0.00476057216970909,0.25283233338585737,0.5907770001144096,HARMONIC_DISTORTION
1.2730653283390827,2.0569702392624745,1.6157617315256878,2.842170943040401e-17,1.2730653283390827,0.891285709356773,0.006505334506143438,0.06894383255213418,0.006990377675559951,0.006069356550705284,0.07970490047881373,0.26883258706545937,LEGITIMATE_HIGH_LOAD
0.8405742718306579,1.4307081499423115,1.7020603626451964,-1.4210854715202004e-17,0.8405742718306579,0.5870495549579909,0.00638934784745843,0.004184580156239384,0.004924519811611934,0.005861064908169198,0.02218883386826636,0.16195729442685677,NORMAL
0.956739899302118,1.7171838614301695,1.7948283150757567,2.1316282072803006e-17,0.956739899302118,0.6560616031257326,0.10255652465649563,0.04901138162838439,0.005790718516792135,0.02697513119968492,0.18581853701325934,0.28606049851967474,CONTROLLED_ANOMALOUS
0.9928820010751935,1.6945115483006907,1.7066595491364547,-2.1316282072803006e-17,0.9928820010751935,0.6953116209973068,0.005679994401449584,0.007055346576500653,0.005321598595436895,0.005891911636060932,0.023834690906062342,0.15615385681744806,LEGITIMATE_HIGH_LOAD
1.191149843169534,1.9769751559660003,1.6597199481682854,-2.842170943040401e-17,1.191149843169534,0.8336971089935192,0.009478061630054149,0.050271857402201456,0.005549707778968302,0.006541633604660817,0.06381138753855922,0.23624694860206127,LEGITIMATE_HIGH_LOAD
0.93151531401736,1.4247815391348968,1.529530988589141,-1.4210854715202004e-17,0.93151531401736,0.6475871516990036,0.006185761293654912,0.07967228033679576,0.005433599941192865,0.008141136421916035,0.12487054406514492,0.18274797335160026,LEGITIMATE_HIGH_LOAD
0.5742420355988006,1.065653870187071,1.85575733597392,0.0,0.5742420355988006,0.39964827459326957,0.005980717537167676,0.007552304544091391,0.0037158620273724297,0.0030821996231067844,0.03650955817715154,0.1983477623089095,NORMAL
0.879704948615453,1.658400434362523,1.885178021304348,-1.4210854715202004e-17,0.879704948615453,0.6122406110591068,0.043232008711198,0.03061009129960767,0.014123840490027136,0.03300647927562265,0.11438846099247658,0.2867689272101943,CONTROLLED_ANOMALOUS
0.8609904246831154,1.392072702076485,1.6168271587791845,-4.263256414560601e-17,0.8609904246831154,0.6043807505536891,0.0023996646329902346,0.030622976121099297,0.004532732305286248,0.004643656599663521,0.05511985761015881,0.18684559585839347,NORMAL
0.5874613096726035,1.0318873918054972,1.7565197483057662,1.4210854715202004e-17,0.5874613096726035,0.4075533381156767,0.006637763125074002,0.02719809019856037,0.004228815271928843,0.003965116965805279,0.0729960312846232,0.1954848400848262,NORMAL
0.7536297405691851,1.431679231093409,1.899711693984,7.105427357601002e-18,0.7536297405691851,0.48702874086283116,0.1089937785469058,0.027619515725822583,0.029068815687138025,0.10350130904237195,0.398390075632631,0.7788606963420397,CONTROLLED_ANOMALOUS
1.2373583089388667,2.1938035523476462,1.7729735489706353,-1.4210854715202004e-17,1.2373583089388667,0.869218255568187,0.0051165316051305304,0.0511306993157015,0.006950424336165652,0.00758798363992009,0.06111820201840996,0.16274697269835237,LEGITIMATE_HIGH_LOAD
0.9769098867667396,1.6310782796816214,1.6696302307677229,1.4210854715202004e-17,0.9769098867667396,0.676240259351823,0.004315132659783882,0.08329977915261705,0.005557901710842988,0.007132634138523124,0.12527333687798484,0.3223260943786037,LEGITIMATE_HIGH_LOAD
0.8737357818413276,1.5169220245588693,1.7361335727398945,-3.552713678800501e-17,0.8737357818413276,0.6110604508387405,0.004774522132702317,0.013925853690592956,0.00459910348585626,0.002906845771408392,0.0322462260152779,0.14233751130605388,NORMAL
0.897209241089248,1.6656933827754141,1.8565272251913003,-3.552713678800501e-17,0.897209241089248,0.5782201007343478,0.15583539089442255,0.03789583339228889,0.008791367706515302,0.075410428689749,0.41317455568209804,0.4301710551769943,CONTROLLED_ANOMALOUS
0.8852345027006657,1.3973631389666263,1.5785231311065746,3.552713678800501e-17,0.8852345027006657,0.6142754508163396,0.007637837465167413,0.05884661515793435,0.07567755513012606,0.006134837124236977,0.15793699071484973,0.179493653327525,HARMONIC_DISTORTION
0.7398088078780392,1.3516844354521993,1.827072645065116,-3.552713678800501e-18,0.7398088078780392,0.4943755706283325,0.05438139522912515,0.038458493136522914,0.033117844106278174,0.10494107561626649,0.2762396467576194,0.32181805524055945,CONTROLLED_ANOMALOUS
0.6240533690847972,1.1405971270259807,1.8277236908418881,-2.4868995751603507e-17,0.6240533690847972,0.42490391664302,0.05309776704274959,0.036333004110538296,0.0076173766823331044,0.04137046343505215,0.19364189752104863,0.39378956387951103,CONTROLLED_ANOMALOUS
0.8706217789496776,1.6637714979999818,1.911015251659755,3.552713678800501e-17,0.8706217789496776,0.6051578477818194,0.008519712952981144,0.05588970829146896,0.008301102018314606,0.007003175467565643,0.09728821094854177,0.2735135309264183,LEGITIMATE_HIGH_LOAD
0.8686301294735241,1.7718665153013895,2.039840036835144,0.0,0.8686301294735241,0.6061160273157075,0.003272436109123028,0.0029936551916437365,0.003207168308927983,0.007386656531934552,0.024685483258569025,1.2293237630837213,TRANSIENT_EVENT
0.9507083371890793,1.5518592862562282,1.6323190042116884,3.552713678800501e-17,0.9507083371890793,0.666106722687125,0.00325294498317542,0.03251787027760106,0.006978254379972987,0.005916125099497224,0.05439435392472741,0.1656298933253574,NORMAL
1.1660634001819092,1.8848381439829518,1.6164113749637554,-4.263256414560601e-17,1.1660634001819092,0.8179611770624028,0.00793560893996344,0.05391611294959496,0.007380859153526835,0.00673793969809256,0.06928303127889457,0.18153855446473666,LEGITIMATE_HIGH_LOAD
1.0042046485139093,2.7683267916881147,2.7567356870782005,-2.1316282072803006e-17,1.0042046485139093,0.6799391214830973,0.03761933908706241,0.010954368704449859,0.01840931210353034,0.003927388145411564,0.07220084331927644,4.835295549179669,TRANSIENT_EVENT
0.7142316397924551,1.1711264126531207,1.639701110123646,-3.552713678800501e-18,0.7142316397924551,0.4858097443668053,0.007786155149340329,0.09459957821103884,0.05376064526734837,0.003069551425583774,0.22614762923928744,0.1597231392912759,HARMONIC_DISTORTION
1.313779999086179,2.143737387689957,1.6317323974950664,6.394884621840901e-17,1.313779999086179,0.9270768889859168,0.0024186765373510645,0.024602300731887475,0.01086010187394771,0.005491495259743002,0.03191564326916852,0.11257735859353667,LEGITIMATE_HIGH_LOAD
0.9345569196063251,1.9031068459004141,2.036373393609972,2.1316282072803006e-17,0.9345569196063251,0.6442749197060049,0.0023565197437006146,0.10735327744947232,0.030407499011972317,0.0018790828873851756,0.17382481977730127,0.19074050797057845,HARMONIC_DISTORTION
0.7025886109917298,1.976865549361459,2.8136885774038385,-1.0658141036401503e-17,0.7025886109917298,0.465675428385169,0.01255648486438512,0.004450893318750209,0.004011161329663464,0.004867432161468501,0.03934438506368864,3.887375693278266,TRANSIENT_EVENT
0.6029001647536307,1.1779270063964276,1.953767929185715,-3.552713678800501e-18,0.6029001647536307,0.41912798849956107,0.003658321552190388,0.021592650074865733,0.006228568652332565,0.004653994382164434,0.06005498386046084,0.20875296977548155,NORMAL
0.9114549538305841,2.4490949834199536,2.6870170304381022,-2.1316282072803006e-17,0.9114549538305841,0.5576642859251694,0.05713635292159307,0.009003095458591893,0.018174804760567608,0.018122137151307678,0.1286643598449246,1.8769512529929406,TRANSIENT_EVENT
0.6916396541196812,1.2769376267821217,1.846246985950231,-1.0658141036401503e-17,0.6916396541196812,0.4737372544229413,0.007306454189996781,0.016106996314741134,0.006290633346009678,0.037596865875199795,0.17398107128054785,0.23467629152495484,CONTROLLED_ANOMALOUS
0.7851046250063553,1.4023353993678818,1.7861764594196985,1.7763568394002505e-17,0.7851046250063553,0.5218434763461595,0.06417247684375046,0.054543487066013516,0.028326153903315762,0.10796292482942554,0.2935778196988061,0.44815252083395224,CONTROLLED_ANOMALOUS
0.6041194604517491,1.2139066787597237,2.0093818494970965,1.7763568394002505e-17,0.6041194604517491,0.3805272140814327,0.03169679396546466,0.007448976230049852,0.013531797938335957,0.005581209206211762,0.1098221309013164,0.2442468772913256,TRANSIENT_EVENT
1.0773218719891176,1.7963818200693513,1.6674513595018678,1.4210854715202004e-17,1.0773218719891176,0.7517179029416542,0.006048794690515731,0.04732055123686531,0.005843895285417076,0.00806272840148951,0.06695233280664845,0.15059646400296678,LEGITIMATE_HIGH_LOAD
0.9200479901224464,1.7414805637973312,1.8928149210625012,5.684341886080802e-17,0.9200479901224464,0.617487746009417,0.030868207446803943,0.013263404022539073,0.013699087881296541,0.008384026449913437,0.07150075815636436,0.817352956943296,TRANSIENT_EVENT
0.8544952646930922,1.5129254878678282,1.7705487091391003,-2.842170943040401e-17,0.8544952646930922,0.5783433965473841,0.004203317704154602,0.11194549659647764,0.09406519960518347,0.005322782415342761,0.2535735354056835,0.4508580088731975,HARMONIC_DISTORTION
0.989653730673553,1.8075285400661318,1.8264252273731516,-2.1316282072803006e-17,0.989653730673553,0.671093416199302,0.0048190020587605,0.17845841482605215,0.02578523207041969,0.004193718230503603,0.2692827443612363,0.8504082610693076,HARMONIC_DISTORTION
0.8878991054631167,1.4910638383189578,1.6793167479780693,-4.263256414560601e-17,0.8878991054631166,0.6225519656775095,0.003062132244916592,0.028181920883751384,0.008501950301579703,0.006217058842013159,0.05077991626057009,0.18078263353456997,NORMAL
0.9692478195888021,1.5436229663522152,1.5925988536214488,-3.552713678800501e-17,0.9692478195888021,0.6592316983165212,0.002994805822209496,0.16781855684246047,0.029484636637085632,0.006023035054719001,0.2593427374678367,0.26305270903174305,HARMONIC_DISTORTION
0.8778495435890258,1.7399124599655664,1.9820167051087791,3.552713678800501e-17,0.8778495435890258,0.61028185040176,0.006150938051480392,0.0730222322829499,0.004845196296376955,0.004939934620851475,0.12178631448365904,0.3967126308143562,LEGITIMATE_HIGH_LOAD
1.1506473384685678,1.9343384417803353,1.681087138614344,2.842170943040401e-17,1.1506473384685678,0.811079043192304,0.006251409869682264,0.025872271142302,0.006808659321486426,0.0037020022008107515,0.03618247754081183,0.20216999226479412,LEGITIMATE_HIGH_LOAD
1.0699314725636402,1.9109618069719632,1.786060001014035,-2.1316282072803006e-17,1.0699314725636402,0.7378796367635356,0.028723814690470466,0.021593083173370498,0.021116947344215372,0.06991304121137731,0.17158335036480932,0.32568592943402686,CONTROLLED_ANOMALOUS
0.6923104867419168,1.3558599278742882,1.9584564351395315,-3.1974423109204506e-17,0.6923104867419168,0.46287691308832685,0.035865840257071416,0.013189394548781768,0.009319335576850647,0.11600035867950792,0.28649577151768263,0.40373672194028287,CONTROLLED_ANOMALOUS
0.6117407848471201,1.0567095038022916,1.7273811555107828,2.842170943040401e-17,0.6117407848471201,0.42573341844408985,0.002942897416489691,0.022673791314037982,0.0033899330579681714,0.004004546577316146,0.059789468023023616,0.1689649424133384,NORMAL
0.8164392440005842,1.4084064769708047,1.7250597485607844,-3.552713678800501e-17,0.8164392440005842,0.5710789130597917,0.005531835568608501,0.015715469590361804,0.0037516908246467305,0.0022500530586428056,0.032527517038788936,0.15171508666310776,NORMAL
1.0205050474132513,1.7601347563712628,1.7247683005907761,-3.552713678800501e-17,1.0205050474132513,0.6836311604797574,0.13601876976640664,0.014788452953898532,0.013318803931001273,0.11816483868415201,0.31054958252422477,0.31681452357877077,CONTROLLED_ANOMALOUS
0.7423155444771575,1.3655903462766956,1.839635929001777,-1.0658141036401503e-17,0.7423155444771575,0.49060828276074414,0.10546992448685183,0.012175688467778657,0.008963383922565613,0.12142537101154073,0.3496101929203405,0.4690427223698492,CONTROLLED_ANOMALOUS
0.9382022026625038,1.6480718426054763,1.7566275563289544,-1.4210854715202004e-17,0.9382022026625038,0.66036343757856,0.004128511884649503,0.04544702355061317,0.006566946675767286,0.0031401634188723527,0.07225224478772466,0.277790422377049,NORMAL
0.8695849533739035,1.6238134492693408,1.8673430847315209,2.1316282072803006e-17,0.8695849533739035,0.5927953955551067,0.0020160698626108457,0.12356101307824167,0.08551158325143184,0.006575390904044746,0.2541493204650308,0.5210175399113179,HARMONIC_DISTORTION
0.6631015611845016,1.1828013571044476,1.7837408722000347,-1.0658141036401503e-17,0.6631015611845016,0.44348006941061185,0.0678887887935898,0.02142020496989765,0.010909376995542376,0.01215712359027141,0.2532386049148012,0.38842475512857744,CONTROLLED_ANOMALOUS
0.8025560802150548,1.5464218175860776,1.9268707268054026,3.552713678800501e-18,0.8025560802150548,0.5659302767328982,0.0047916085966770855,0.0058339711831467975,0.007025877805595234,0.00596506313710633,0.032926985343158674,0.7523967325367376,TRANSIENT_EVENT
0.6478019835238614,1.2279513399481852,1.895565884606394,-3.552713678800501e-17,0.6478019835238614,0.4454276982842796,0.006419072338118818,0.07657630041427549,0.012380307522591859,0.005403366251301716,0.1787443725810765,0.6231875019947565,HARMONIC_DISTORTION
0.7765554634326323,1.3170640127419866,1.6960334126298302,-1.4210854715202004e-17,0.7765554634326323,0.5399087309099376,0.0068138313163786605,0.05700449030149161,0.005381533600283649,0.009205654917990488,0.11020911745324563,0.22857790147504814,LEGITIMATE_HIGH_LOAD
0.7806100353063203,1.3624325437827756,1.7453433624487564,-1.4210854715202004e-17,0.7806100353063203,0.5346209203605545,0.0052119681134824075,0.06287928752081574,0.08316984878346313,0.007037195070193453,0.19742596586220268,0.1987185759349169,HARMONIC_DISTORTION
0.8766494508325032,1.6183150228303869,1.846022969949467,2.1316282072803006e-17,0.8766494508325032,0.59796531045588,0.008460308037723675,0.13788365695940302,0.054837870865297615,0.0032859700926898476,0.24910793829592257,0.5816625844485753,HARMONIC_DISTORTION
0.6931547043364845,1.2138050646917866,1.7511315397530043,-3.552713678800501e-18,0.6931547043364845,0.47653522670792603,0.006402733489297212,0.043320911470018486,0.08303574043762363,0.00775396348392244,0.19826125939470132,0.15263211695935483,HARMONIC_DISTORTION
0.7656306279500794,1.5033468686375442,1.9635406601518106,-2.1316282072803006e-17,0.7656306279500794,0.5253891332659719,0.027706003064131852,0.009767637895697987,0.012831407855848156,0.05975886426713244,0.17138433679224876,0.20442365729573758,CONTROLLED_ANOMALOUS
0.8027777908312568,1.3583679950703444,1.6920846722276504,-1.4210854715202004e-17,0.8027777908312568,0.5615960651405139,0.003670580008286581,0.030530030635072123,0.0031403235406102913,0.005893433446072496,0.05879068086810478,0.2524601614588938,NORMAL
0.9575825932375635,1.534499112062992,1.60247181068203,-4.9737991503207014e-17,0.9575825932375635,0.6713755856374789,0.006392476959078295,0.02100416303743743,0.00360735163730228,0.003602497254035331,0.034889603026449396,0.13569915628540244,NORMAL
0.8596763555941661,1.512020335526186,1.7588250807260506,3.552713678800501e-18,0.8596763555941661,0.5928500104539681,0.004813312867744986,0.01042969725199298,0.007847436260913953,0.00691100544902928,0.03581477280402063,0.8233355465837229,TRANSIENT_EVENT
0.8750357268729995,1.7423728368306017,1.9912019398991756,2.1316282072803006e-17,0.8750357268729995,0.5872733242974317,0.1351121845565607,0.022705292951805827,0.009499092584784208,0.05992038784097395,0.2740555296381769,0.547912859513543,CONTROLLED_ANOMALOUS
0.8383807733915624,1.497447657633266,1.7861187960877642,-2.1316282072803006e-17,0.8383807733915624,0.5852996774026176,0.0058178010019267964,0.006289796866961736,0.004697942530632684,0.006393979762758151,0.03134276132153013,0.17120013566851858,LEGITIMATE_HIGH_LOAD
0.9473960685943211,1.6427698175247072,1.7339842036310453,-3.552713678800501e-17,0.9473960685943211,0.6281302904762309,0.10195572490015069,0.032894401631652755,0.031477318528926934,0.09420472900636294,0.32844936293219623,0.3693791622600596,CONTROLLED_ANOMALOUS
0.7670583491742955,1.683830137739057,2.1951786843225496,7.105427357601002e-18,0.7670583491742955,0.5328168319906654,0.006781939889967739,0.008504129772532648,0.0039040927680425797,0.0020112326311680657,0.03366920624913923,1.282364905022426,TRANSIENT_EVENT
0.9287697507140196,1.542739733269171,1.661057255668742,-2.842170943040401e-17,0.9287697507140196,0.6250111094923597,0.003257247597748186,0.1557068576333342,0.09611538071915732,0.005546966399019813,0.29333883062394117,0.6040232383595429,HARMONIC_DISTORTION
0.5239712167927061,1.108325813349966,2.1152417877725576,1.7763568394002505e-17,0.5239712167927061,0.33828879961461206,0.0847263842365384,0.02860972183888094,0.019657543437754842,0.06041851072796958,0.37228990171656007,0.40876920852732385,CONTROLLED_ANOMALOUS
0.9181361850129486,1.6552891949890483,1.8028798145731546,-2.842170943040401e-17,0.9181361850129486,0.6343128476803491,0.001699153350037841,0.0893371472741285,0.04169485310534114,0.004680552587470907,0.15709538980412346,0.40440731972294053,HARMONIC_DISTORTION
0.6757558454334534,1.2535429517951435,1.8550234678193236,0.0,0.6757558454334534,0.454171113457911,0.0036248511231862265,0.09878603887010283,0.07311163945238619,0.0026651954208132505,0.27136774688993837,0.46415051834916365,HARMONIC_DISTORTION
0.9783835555614149,1.7027258639016876,1.7403459555538334,-2.842170943040401e-17,0.9783835555614149,0.6784640460195333,0.0032616081401239754,0.1073820145984044,0.03800497292025789,0.005875981773819485,0.168738629688585,0.38455362525101294,HARMONIC_DISTORTION
0.9557996492375306,1.749118224829869,1.8300050917838186,-3.552713678800501e-17,0.9557996492375305,0.6416889657679554,0.08636898599835498,0.034661588995431585,0.03398602587667813,0.1330514868118927,0.29912129539555893,0.24644192217191319,CONTROLLED_ANOMALOUS
0.7221095495427944,1.2302623198257248,1.7037059274519617,2.842170943040401e-17,0.7221095495427944,0.5058512939001881,0.002317143562177069,0.02503864331337261,0.0066532429413853214,0.004294910902444763,0.054467960222786424,0.15582308495764285,NORMAL
1.0201160321605662,1.7941640971439057,1.758784334899566,-2.842170943040401e-17,1.0201160321605662,0.6845219696506514,0.1138038298923758,0.045002836733152266,0.022337952557159698,0.04119723939621655,0.3019015866594161,0.523058156288217,CONTROLLED_ANOMALOUS
0.6342821333089221,1.4317460432260247,2.257270019189874,2.1316282072803006e-17,0.6342821333089221,0.4473561249068041,0.009624240306488112,0.029930503672572068,0.004635160809352457,0.007374542265063683,0.07815839985604817,1.1405798165398073,NORMAL
0.87983028322683,2.6382529577552667,2.99859303328287,-2.842170943040401e-17,0.87983028322683,0.5702287577614045,0.00804063041110859,0.008962706876448508,0.00796276598046179,0.011644426170980588,0.04166944784588068,6.272578054491713,TRANSIENT_EVENT
0.6726197691877664,1.3412885955803082,1.9941260382519002,-3.552713678800501e-18,0.6726197691877664,0.44964881037018534,0.004826613361460668,0.1228504791918861,0.025480681241159344,0.0040150951163985885,0.2803686283615688,0.844016021341335,HARMONIC_DISTORTION
0.770390616982586,1.288855725997759,1.6729899061412017,1.0658141036401503e-17,0.770390616982586,0.5374994729517808,0.0036559802982232643,0.019945205759745566,0.006557513409323776,0.007113349697688411,0.04525013370702829,0.12936081027202195,NORMAL
0.9762907090461626,1.8028507467748127,1.8466331084275098,-3.552713678800501e-17,0.9762907090461626,0.6795590657040329,0.004740141092331269,0.07250099797642091,0.004414131921846691,0.0040140810985082875,0.10913784930329679,0.28052920327899333,LEGITIMATE_HIGH_LOAD
0.622319525502889,1.2712928814129407,2.0428298154161624,-1.0658141036401503e-17,0.622319525502889,0.41849673029621465,0.03769487288786009,0.008991818505931655,0.012001154070462051,0.09220831353983164,0.25429656069684803,0.2187466799508806,CONTROLLED_ANOMALOUS
0.8746820422416984,1.5385432409927806,1.7589743091668952,0.0,0.8746820422416984,0.5973283602513841,0.004291296200385932,0.12441859439717178,0.05548658744237492,0.004646726671901249,0.22927301110089662,0.5077327091480403,HARMONIC_DISTORTION
0.7195488842454608,1.3334946767743898,1.8532370850282534,2.4868995751603507e-17,0.7195488842454608,0.48405714387948817,0.06624078146014949,0.01595074933450458,0.005847395848223057,0.06330278522018465,0.20782175020179217,0.3018547861181385,CONTROLLED_ANOMALOUS
0.7765327043387081,1.3586351818428373,1.749617465242298,-2.1316282072803006e-17,0.7765327043387081,0.543522777164841,0.007058877439588974,0.029726549595492823,0.0038281576542803604,0.006854635913886302,0.0609951514229988,0.26362513731600756,NORMAL
0.7917608001953406,1.495274614800803,1.8885433762720936,2.842170943040401e-17,0.7917608001953406,0.5318956743954067,0.00780075705101507,0.14473933465705757,0.043576107266598545,0.006307413711854613,0.2851939266272918,0.9159192839272049,HARMONIC_DISTORTION
0.7451661153900243,1.4724713836862078,1.9760310530431293,-1.4210854715202004e-17,0.7451661153900243,0.5131986446112611,0.001908186546803379,0.031746286780984394,0.07579548145977238,0.004968332927546767,0.16099598219189404,0.13727438232464934,HARMONIC_DISTORTION
0.8342037909348927,1.4356969865452562,1.7210386744182373,7.105427357601002e-18,0.8342037909348927,0.586723364272354,0.0035362943862813005,0.027287124023126906,0.0047144456498213454,0.0046122167676893,0.050217111453579544,0.22482398419154634,NORMAL
0.5920725488462585,1.3491036829528982,2.278612115325778,-7.105427357601002e-18,0.5920725488462585,0.4041243397846226,0.0048095623639047725,0.004098543208652287,0.004438277541278767,0.0047904651703187875,0.03601618468502254,1.6624160826937675,TRANSIENT_EVENT
1.058487428264163,1.9438732626111366,1.8364632500160512,-4.263256414560601e-17,1.058487428264163,0.7446403269436231,0.004825681347397172,0.006132213587633301,0.004326410462439899,0.007134625963812564,0.019349455820791877,0.13512802909851432,LEGITIMATE_HIGH_LOAD
0.756175686153601,1.4776068166276477,1.9540522707675414,-2.842170943040401e-17,0.756175686153601,0.5297325776054157,0.0033466809240053235,0.006821981355800967,0.0035729701792979133,0.00400342546080212,0.02588768005197848,0.15955922145228152,NORMAL
0.9916359674999808,2.9255266962389865,2.9502022840241957,-6.394884621840901e-17,0.9916359674999808,0.6130700351080526,0.018082653459286446,0.0063610316501428125,0.011977435084389861,0.006532299824082106,0.04614495817843514,5.592917299358462,TRANSIENT_EVENT
1.304796032281785,2.217234122630068,1.699295574000666,-1.4210854715202004e-17,1.304796032281785,0.913171298466433,0.0034660476308463316,0.07077874740984079,0.004381168338654765,0.007065907924855274,0.07930316246990776,0.14284927284742013,LEGITIMATE_HIGH_LOAD
1.0718603971215956,1.6614037787486877,1.5500188114144982,5.684341886080802e-17,1.0718603971215956,0.7491368549592698,0.006195965640421275,0.057087262639067785,0.006472475257711024,0.007915599187414916,0.07932459979645524,0.11242751885472604,LEGITIMATE_HIGH_LOAD
0.9360757482156765,1.6660478351870636,1.779821599227243,0.0,0.9360757482156765,0.6168086737568126,0.12813751595949563,0.04872620988838625,0.023529453155729352,0.06786467866805183,0.3281914624264744,0.31557699591205424,CONTROLLED_ANOMALOUS
0.6936164399007407,1.2903049842448138,1.8602572113623224,0.0,0.6936164399007407,0.46812430363492286,0.015969520425012325,0.008389722910809621,0.0072099584860898114,0.003394154540950634,0.05253444193556772,0.5746389286514263,TRANSIENT_EVENT
1.2878937272765998,2.193134101250076,1.7028843722126916,5.684341886080802e-17,1.2878937272765998,0.9046431566795956,0.0072108120148784705,0.04159544453906429,0.003050760795650699,0.004010475790842557,0.04933408803300827,0.18338409350732374,LEGITIMATE_HIGH_LOAD
0.8113390656541691,1.5148463832299581,1.8670941007981205,-3.1974423109204506e-17,0.8113390656541691,0.5556339210833987,0.0041431060617462614,0.010701396734888121,0.005011446390338875,0.08985784489697624,0.17957924600261072,0.20932253715854562,CONTROLLED_ANOMALOUS
1.2909937814405654,2.0328090076295458,1.574607900404617,-2.842170943040401e-17,1.2909937814405654,0.9038896619654992,0.004131813459503293,0.08859457843937824,0.005094101963714412,0.004250684971726586,0.0988125735619458,0.2762127177623732,LEGITIMATE_HIGH_LOAD
0.7233020126604148,1.3862237268147017,1.9165213182747274,1.0658141036401503e-17,0.7233020126604148,0.506581728781511,0.004629308814614035,0.01655178227525587,0.004707387855054135,0.0036763644881923616,0.040982127532913394,0.1612588893262668,NORMAL
0.8785003293498516,1.7271094924397636,1.9659747808153232,2.842170943040401e-17,0.8785003293498516,0.6166130621903964,0.005262371889151866,0.01085038656326331,0.008113737875382533,0.008204475049070497,0.03013561210403396,0.9508870716414085,TRANSIENT_EVENT
0.5772263581147538,1.1201454947654965,1.9405653934860843,1.0658141036401503e-17,0.5772263581147538,0.38927987720703416,0.002025891582335196,0.07026415070154526,0.06186742527703225,0.005482453930283701,0.2427516897716607,0.4725434953675888,HARMONIC_DISTORTION
1.3047500951222624,2.1760816182361906,1.6678148760987672,1.4210854715202004e-17,1.3047500951222624,0.912371781119873,0.008824272926587046,0.10428539657625184,0.005546831074328247,0.0062711542082916644,0.11544354912662301,0.3881286465011355,LEGITIMATE_HIGH_LOAD
0.7929204602196301,1.343797263019785,1.694744089019431,1.7763568394002505e-17,0.7929204602196301,0.5568623451157587,0.005199982278923279,0.013046573367929968,0.0034330233093519584,0.004967010516309689,0.03218120315544975,0.15007962945820788,NORMAL
0.7696893063648094,1.4845677994485293,1.928788391851308,-1.4210854715202004e-17,0.7696893063648094,0.5247532999494557,0.0058746067479544875,0.07074156854399717,0.08098284992240454,0.005080479388125978,0.20670207414862046,0.2838215166482454,HARMONIC_DISTORTION
1.2082073031845522,2.026944676266021,1.677646436107006,-7.105427357601002e-18,1.2082073031845522,0.8459722542470735,0.0053695025824041795,0.02010907271477429,0.0044060141708864445,0.0037600643734962804,0.029504692695509746,0.1343349187248883,LEGITIMATE_HIGH_LOAD
0.7666170555972456,1.442176090423236,1.8812209823582453,-1.4210854715202004e-17,0.7666170555972456,0.5142504521106972,0.005215379588518119,0.12541555148484948,0.09812905489548203,0.005957226278761264,0.31043719384363466,0.743432913890299,HARMONIC_DISTORTION
0.7481512503084838,2.1930540634594267,2.931297732317053,-4.9737991503207014e-17,0.7481512503084838,0.47303247893351685,0.017189477591045745,0.009034654112772607,0.012392585476494512,0.006704371990303919,0.05779705791914179,5.392458113338022,TRANSIENT_EVENT
0.7829527227183868,1.33545028712835,1.705658909380517,2.842170943040401e-17,0.7829527227183868,0.5489333111329217,0.002582024084572666,0.020847668661189696,0.005048567784840037,0.00402559626883442,0.043835283309790786,0.1818750986828148,NORMAL
0.6396573236666226,1.2386031191828941,1.9363541592598583,-1.4210854715202004e-17,0.6396573236666226,0.4339529644154085,0.005225689758471185,0.007297973600676526,0.006111327882597673,0.002757944415455499,0.040849123032662096,0.8165490267580406,TRANSIENT_EVENT
1.2545777046411655,2.0455350043699827,1.630457003024015,7.105427357601002e-18,1.2545777046411655,0.8830785977716415,0.0028700451660757208,0.047969424078404016,0.007090403605518544,0.00761627932393057,0.05751971456002214,0.15385343808012134,LEGITIMATE_HIGH_LOAD
1.1512710253481322,1.8214895843028585,1.5821553258947512,-2.1316282072803006e-17,1.1512710253481322,0.8067549951488656,0.005216227313689818,0.041642312659742726,0.005808956206657325,0.005420149339658086,0.055627037472408,0.13287849843062363,LEGITIMATE_HIGH_LOAD
0.7682389827633695,1.4082270853268917,1.8330586144710768,-1.4210854715202004e-17,0.7682389827633695,0.5391383911260131,0.0024344002250731096,0.012499796096641137,0.005247370764194209,0.0030040194033116095,0.03623452097275307,0.13504943076950102,NORMAL
0.8456687847967334,1.7579855200886523,2.0788109383879,1.4210854715202004e-17,0.8456687847967334,0.5865644259218408,0.011791415942841497,0.012052489619247932,0.009044937629996244,0.008102418248448998,0.040405637509078204,1.373582435904729,TRANSIENT_EVENT
0.7122470398372598,1.2014859196696674,1.6868949289619977,-2.4868995751603507e-17,0.7122470398372598,0.4858339898770974,0.004704572403339914,0.1031565059380498,0.03396562776266792,0.005773290254966256,0.22503714070801525,0.1900787381145244,HARMONIC_DISTORTION
0.90873230172998,1.5364599865947677,1.6907729412388712,-2.842170943040401e-17,0.90873230172998,0.6305944251244654,0.003369178852729066,0.09180593626963642,0.009731203982501982,0.00528044171179728,0.14772413543023172,0.1802676714202145,LEGITIMATE_HIGH_LOAD
0.5951228276956044,1.222234753841876,2.053752094461799,-1.4210854715202004e-17,0.5951228276956044,0.4033448768413151,0.05968857706472727,0.01231765027185779,0.013478113720408334,0.017237133741678307,0.2040453808210393,0.5371252934057082,CONTROLLED_ANOMALOUS
0.6873925034986837,1.440167574563875,2.095116788783299,3.552713678800501e-18,0.6873925034986837,0.45420595163125643,0.0383870910811484,0.014068873750014508,0.013402391782367153,0.11575531294259689,0.2923120413171287,0.2949195397094697,CONTROLLED_ANOMALOUS
0.8740922873659347,1.6544997253580978,1.8928204141280212,-2.842170943040401e-17,0.8740922873659347,0.5827254238895553,0.09305812693893906,0.011749632030528178,0.019537545096904536,0.10783851466301082,0.29778052850579817,0.2425638052612931,CONTROLLED_ANOMALOUS
0.7591462776279538,1.4576912962760442,1.9201718288480323,-7.105427357601002e-18,0.7591462776279538,0.5266009397983563,0.0033003134640205113,0.061754594211688545,0.00447769144355957,0.007424511544787525,0.1216323415786469,0.18294432183001663,LEGITIMATE_HIGH_LOAD
0.8013518200610176,1.4324670086027935,1.7875631810429042,2.1316282072803006e-17,0.8013518200610176,0.5618975409024829,0.0030940623969828575,0.009991779277093866,0.002239045816440609,0.005631334825676638,0.025662559023068392,0.17042237836196164,NORMAL
0.8809689055029267,1.6496940840468686,1.8725905917247927,2.842170943040401e-17,0.8809689055029267,0.5955544140418059,0.06408516888334513,0.05209758631518554,0.04111038322740397,0.036525999790767545,0.2599952068222667,0.8534529190901026,CONTROLLED_ANOMALOUS
0.7848322113752049,1.3584500817813838,1.7308796225387713,-1.0658141036401503e-17,0.7848322113752049,0.5323258854196017,0.005587880177872353,0.013799228726485114,0.0047439396693334385,0.005643616033010457,0.04007680406852661,0.753109939143591,TRANSIENT_EVENT
0.7464115562230861,1.3093099322339181,1.7541394172126055,2.4868995751603507e-17,0.7464115562230861,0.5207378040827665,0.006220859378711672,0.023762340431575477,0.004108898594335786,0.002655190584473059,0.05377364016271264,0.16022121800045186,NORMAL
1.0796027876944234,1.8442794100332975,1.7082944125884494,-7.105427357601002e-18,1.0796027876944234,0.7595473538357608,0.0036431483414413523,0.037272266608413415,0.006143667522188473,0.003700392000333674,0.0529283456007411,0.2208613625543683,LEGITIMATE_HIGH_LOAD
0.9233312284168866,1.491151520577851,1.6149692273860707,3.552713678800501e-17,0.9233312284168866,0.6351116065504762,0.005202012020984022,0.08009269366272918,0.10107661064090102,0.007853280554998067,0.20444098705213068,0.19412748632652194,HARMONIC_DISTORTION
0.6687533900173501,1.943653778432136,2.9063834403616404,-3.552713678800501e-17,0.6687533900173501,0.4258629473434279,0.009287957203908775,0.004276826467957124,0.003441925500427069,0.00575156291919324,0.038034184621523054,4.4593896686021814,TRANSIENT_EVENT
0.8095957084053145,1.4909768063108857,1.8416313115687193,1.4210854715202004e-17,0.8095957084053145,0.5491385661535743,0.024360571540986482,0.00831545621408674,0.008390031942091715,0.003061762465028981,0.056440561792093016,0.675683845271171,TRANSIENT_EVENT
0.5580246554844646,1.1979416179748807,2.146753922431715,2.1316282072803006e-17,0.5580246554844646,0.379792151592345,0.03672910490114461,0.005509076523465651,0.008460645572036638,0.03738356576113111,0.17308242306147054,0.4271080367771446,CONTROLLED_ANOMALOUS
0.9328481968806766,2.521698057154072,2.70322445343873,2.1316282072803006e-17,0.9328481968806766,0.6211040380876249,0.015987351560056155,0.018622203883564677,0.005075638771902926,0.0023336803589092954,0.05071887995086061,3.0766311444664245,TRANSIENT_EVENT
0.9719906507941275,1.8603793854693615,1.9139889709323956,7.105427357601002e-18,0.9719906507941275,0.6735989863566857,0.09436851286134391,0.032392246791015246,0.023391467852847524,0.023666144122455265,0.17035935728972282,0.23005508660224125,CONTROLLED_ANOMALOUS
0.7573007468632121,1.4068196753830022,1.8576763342834914,3.552713678800501e-18,0.7573007468632121,0.5311606358019331,0.007386644416244706,0.007269610008541737,0.006408619241680786,0.002611811488184013,0.031238270417320364,0.7330092747136089,TRANSIENT_EVENT
0.6962924814331212,1.2603587999321795,1.8100996830212603,-3.552713678800501e-18,0.6962924814331212,0.4863171700082899,0.003665749620860725,0.03658663951632562,0.004738121154097958,0.0030463299667194852,0.07918276036844467,0.2969015999090559,NORMAL
0.782124632235885,1.42007502158229,1.8156633393870687,-7.105427357601002e-18,0.782124632235885,0.5377467039546352,0.04705287598180375,0.046366864776829574,0.024395233909451586,0.028462315659208617,0.16486138179768134,0.29539282388908955,CONTROLLED_ANOMALOUS
0.7907539959756157,1.4319645351496817,1.8108849812171406,-1.4210854715202004e-17,0.7907539959756157,0.5491566718171426,0.005401357024490882,0.04261015267811785,0.0046320183665074805,0.005380358175904893,0.08099647119946916,0.1794291156161104,NORMAL
1.0075999896929557,3.187197501903327,3.1631575372232352,-5.684341886080802e-17,1.0075999896929557,0.5950036441672172,0.04251005428690832,0.008429403546905493,0.016585966167993963,0.009245315297420162,0.09233060027033624,4.82922244666227,TRANSIENT_EVENT
0.6960796580725539,1.9940565108898947,2.8646958545110217,0.0,0.6960796580725539,0.45996155732651683,0.0024264056911033273,0.011833445605553444,0.01160577923691818,0.0055640186068105545,0.04506044487902553,4.771157206304846,TRANSIENT_EVENT
1.2333685088973931,2.2065346343589103,1.7890311114976563,2.1316282072803006e-17,1.2333685088973931,0.8603728525224494,0.00987529005540934,0.11652181695181665,0.009294462362925297,0.007079148859084614,0.13753120315301642,0.3351291855089304,LEGITIMATE_HIGH_LOAD
0.6637320505483175,1.1147637394460435,1.6795388116712504,-2.842170943040401e-17,0.6637320505483175,0.4550553754955484,0.011749485389732552,0.03872306594988313,0.003279241176522211,0.007495479683002488,0.09336895091450217,0.7751936457323273,NORMAL
0.8738976234317812,1.5135147151190818,1.7319130691482316,2.842170943040401e-17,0.8738976234317812,0.614847572010596,0.0017552470306709293,0.007144913779112009,0.005680813315601553,0.005314011632888504,0.026059670976298886,0.1539334038056723,NORMAL
0.9374040306070498,1.6616702046334542,1.7726296776827166,2.842170943040401e-17,0.9374040306070498,0.6307062018666292,0.13685611275232532,0.04172424487893271,0.026499665637477132,0.09614678749022892,0.28342038899453,0.5351551119852522,CONTROLLED_ANOMALOUS
0.9244818329200666,1.5427436763109152,1.6687658116958426,3.552713678800501e-17,0.9244818329200666,0.639687311397244,0.038965854202076405,0.03818802092816072,0.02743770328644276,0.040890055850008405,0.1365334298322905,0.22766630893804635,CONTROLLED_ANOMALOUS
0.8815076187080424,1.491481398400591,1.69196654316674,1.4210854715202004e-17,0.8815076187080424,0.6161255018929878,0.0041708552612241155,0.038618702608775264,0.008908899826715116,0.004541978374013768,0.06743435491767255,0.2259743970628636,NORMAL
0.8156478204947065,1.7290245455078652,2.119817526710459,1.4210854715202004e-17,0.8156478204947065,0.5669989429320513,0.012222371365252307,0.007569780818849613,0.007117902535737089,0.00391133494113183,0.03788698412647477,1.3848291249575382,TRANSIENT_EVENT
0.7163761561961638,1.484647888028565,2.0724417963766326,8.881784197001253e-18,0.7163761561961638,0.49422128243040037,0.009609658543820072,0.004835337265701324,0.004280088203870159,0.0051138603277108815,0.032200834135001,1.241955767174266,TRANSIENT_EVENT
0.946853135499582,1.4382976402515886,1.5190292837681831,1.4210854715202004e-17,0.946853135499582,0.646033671929864,0.0054037520542403565,0.14169342189505502,0.07704395096781316,0.003587860889228792,0.2502513146826094,0.12838294175074735,HARMONIC_DISTORTION
0.6768978433359328,1.6288550030773408,2.406352774075789,-3.1974423109204506e-17,0.6768978433359328,0.4546751021557782,0.003211307987064912,0.0031152712352541397,0.005444144984388254,0.006595370742233038,0.03188197328162325,2.567087511801393,TRANSIENT_EVENT
0.8809796480674532,1.506318424385601,1.7098220460482965,-2.1316282072803006e-17,0.8809796480674532,0.6022646999365314,0.005601644642650825,0.12444860044917948,0.08381351723022112,0.007215108479745936,0.25026258196169476,0.4599845656079102,HARMONIC_DISTORTION
0.7781336600412818,1.4461709753587024,1.8585122963090681,-2.842170943040401e-17,0.7781336600412818,0.5254542788424291,0.04732720027022254,0.04816715180680305,0.029932157758978256,0.07980716634512394,0.2709829142474856,0.22112686957418487,CONTROLLED_ANOMALOUS
1.2336541626371769,2.044696654028251,1.657431001292382,-3.552713678800501e-17,1.2336541626371769,0.8645834732124548,0.0018880526387623324,0.0303165970220223,0.006428516189206835,0.005195064998739061,0.03832872957252804,0.14849649360810366,LEGITIMATE_HIGH_LOAD
0.6798596662217887,1.3481251211694159,1.9829461698491475,0.0,0.6798596662217887,0.47575516754996905,0.01206400506313166,0.012288966235436806,0.008795749223606406,0.005518904436119395,0.04900909550738659,0.9002534960676524,NORMAL
0.7711888525870175,1.3759644078530113,1.7842120036320852,2.4868995751603507e-17,0.7711888525870175,0.5405886524731977,0.006278551505010445,0.03499875248799338,0.0062742651399422394,0.003305712103477945,0.07219264726909977,0.20636977541208062,LEGITIMATE_HIGH_LOAD
0.6709820490731042,1.230429798811931,1.8337745406328663,-3.552713678800501e-18,0.6709820490731042,0.46365663114621947,0.009912145998464196,0.007338162079451529,0.007691296355250255,0.00792964024410526,0.04335149319317477,0.7431766883826053,TRANSIENT_EVENT
0.7963789559383402,1.5536439202393615,1.9508852018933216,7.105427357601002e-18,0.7963789559383402,0.5536575714057377,0.008061117600901033,0.045359196756010536,0.0031994929475463213,0.003986930015560092,0.08548959791292213,0.29866691960880243,LEGITIMATE_HIGH_LOAD
0.7760566683824938,1.3348875406616967,1.72009029114324,-3.552713678800501e-18,0.7760566683824938,0.5399187515498765,0.009489508076391569,0.012048451679030315,0.004436830533308604,0.009966870367752083,0.03814005212015176,0.3820965617717747,NORMAL
0.6440124088739101,2.0284722561156103,3.1497409493436654,-1.4210854715202004e-17,0.6440124088739101,0.421326814555478,0.04263263130666351,0.011569449477663422,0.019501131021945433,0.0063687821091846,0.13061665041204407,4.565698777607783,TRANSIENT_EVENT
1.2657563264576654,2.2659486328481715,1.7901934088606417,0.0,1.2657563264576654,0.8896317316551735,0.008441380238968238,0.07729193865919719,0.00629108584046347,0.006318890363876501,0.08838220407635096,0.25241153866682164,LEGITIMATE_HIGH_LOAD
0.870548121722432,1.520737967227874,1.746874100674644,2.1316282072803006e-17,0.870548121722432,0.5983514443973863,0.0068052572573864545,0.07381409758641376,0.09833618586056221,0.0026188788186802207,0.20637891307141298,0.20510726286364628,HARMONIC_DISTORTION
0.7028185849768566,1.3048005031695131,1.8565253268202626,2.4868995751603507e-17,0.7028185849768566,0.4891192809955205,0.006171287609431136,0.009642496196552032,0.0049465609450407505,0.0044872986251564715,0.032770859213843116,0.24349218569896086,NORMAL
0.7048831938762641,1.3543385479335062,1.9213659223250656,3.552713678800501e-18,0.7048831938762641,0.48551812317658555,0.002732447732048963,0.06979275553388817,0.047210871144037304,0.002011704129521753,0.17469700645536262,0.4668748421473696,HARMONIC_DISTORTION
0.8003082762031986,1.5434267196541818,1.928540245736888,-2.842170943040401e-17,0.8003082762031986,0.553094511869126,0.010170544881982109,0.06006199275804214,0.00381598602632,0.003281434281387769,0.11545173317687556,0.39321357185891215,LEGITIMATE_HIGH_LOAD
0.7725919079492731,1.3400988136818417,1.7345493783890757,1.4210854715202004e-17,0.7725919079492731,0.5406140441318975,0.004568994199768919,0.020006008697402503,0.00273923806412197,0.0065334182912923896,0.04526030669534932,0.20488276086195364,NORMAL
1.1250198264578468,1.898340437745188,1.687383984797993,7.105427357601002e-18,1.1250198264578468,0.7902518692075486,0.004561279315384909,0.025008318093141014,0.004280067017642438,0.0049096184064093985,0.03562920316217099,0.20831395244694112,LEGITIMATE_HIGH_LOAD
1.0582007256902293,1.9158340241766325,1.810463721735777,-4.9737991503207014e-17,1.0582007256902293,0.7398459038787647,0.004457751331561826,0.05100061867576046,0.007443493048691795,0.0070908175798643155,0.07121141424449777,0.17563695856279293,LEGITIMATE_HIGH_LOAD
0.8343821566554666,1.51935873205685,1.8209386669377499,2.4868995751603507e-17,0.8343821566554666,0.5564576275305357,0.0767539463484569,0.03173418721743771,0.02268131974418839,0.1312440838473649,0.294230874727895,0.29383485939801757,CONTROLLED_ANOMALOUS
0.951064917967879,1.7218509245045501,1.8104452093381742,2.1316282072803006e-17,0.951064917967879,0.652144029644801,0.005744194127452358,0.1225827376348057,0.07869356383662567,0.00546968698711588,0.22434932880594755,0.697887110828125,HARMONIC_DISTORTION
0.9062527619874196,2.6981916485729633,2.9773058485976995,-7.105427357601002e-18,0.9062527619874196,0.6038532124677232,0.016670974577421907,0.010917830915295563,0.008142278261256021,0.00696725793567853,0.044696285426195144,2.157090672196603,TRANSIENT_EVENT
0.7754264309023773,1.3186298498962254,1.700522186691151,2.1316282072803006e-17,0.7754264309023773,0.5315851762859819,0.0030012572225796134,0.07437342992658642,0.09411505168684456,0.0038519434088015955,0.22678335113879058,0.15127658900594912,HARMONIC_DISTORTION
0.6219925076558508,1.142739334382841,1.8372236326279352,-1.7763568394002505e-17,0.6219925076558508,0.42173967514000327,0.0039292415457242,0.08227028260560125,0.050880966595877326,0.003347484122189341,0.23046446299469958,0.23388673878471936,HARMONIC_DISTORTION
0.8104045694129967,1.4351717439442062,1.7709324430188609,2.842170943040401e-17,0.8104045694129967,0.5507593593579951,0.016607759051052457,0.040065822472865685,0.011669164977620113,0.09342909981923507,0.23495358203992664,0.17488746600023491,CONTROLLED_ANOMALOUS
1.0826292392664991,1.799834189940769,1.6624658975220263,-4.9737991503207014e-17,1.0826292392664991,0.7510108049006783,0.002968915232223556,0.09218471174402362,0.006962627692345244,0.005499807373846352,0.12480893251559828,0.41088380028797594,LEGITIMATE_HIGH_LOAD
0.9501164909324289,1.6018375711260369,1.6859380785549984,-1.4210854715202004e-17,0.9501164909324289,0.6266415805125133,0.12296080421204736,0.03812094974243678,0.04538540504574091,0.1405375015050305,0.32974901715792254,0.5867535624019563,CONTROLLED_ANOMALOUS
0.7070374741360944,1.3042926798988108,1.8447292082961835,-2.1316282072803006e-17,0.7070374741360944,0.4910234910415759,0.0044415228305338126,0.022412177695353544,0.0036945545474478944,0.003482132085186423,0.05068348940857104,0.1857257800653097,NORMAL
1.0354601773458296,3.0424954992787874,2.938302762234221,2.842170943040401e-17,1.0354601773458296,0.6630831590897989,0.007810735390380838,0.01167559382874005,0.012509389142382183,0.006535886627911653,0.034490924699273215,5.87483758838709,TRANSIENT_EVENT
0.8825399611560673,1.6006088064303046,1.813638902349097,-2.1316282072803006e-17,0.8825399611560673,0.6167783489532427,0.005767196155974635,0.04018956728851521,0.0037025862094672212,0.005076950990592827,0.06826435063833589,0.16494036375955468,LEGITIMATE_HIGH_LOAD
0.5731361374857136,1.2200686499827273,2.1287588937159625,0.0,0.5731361374857136,0.3752218701989249,0.0227881804172878,0.009731396175580673,0.009508085385434559,0.02802271381248596,0.30636416656321347,0.32987665770620356,CONTROLLED_ANOMALOUS
0.6193733140541088,1.176618290539768,1.899691613831748,1.0658141036401503e-17,0.6193733140541088,0.4142501237938464,0.012850009417050126,0.019874702210175853,0.013346623947045085,0.07152979909930278,0.23645973274007362,0.20947959579733563,CONTROLLED_ANOMALOUS
0.7842272996961273,2.210488104278585,2.8186829317662188,0.0,0.7842272996961273,0.5134084984419542,0.007728669716637239,0.00557800274169832,0.00598263709270224,0.007823940304750053,0.036600801337738104,4.865602587756219,TRANSIENT_EVENT
0.8246190226410588,1.4186307992719471,1.7203469242419485,-7.105427357601002e-18,0.8246190226410588,0.5655071775076276,0.02263413050021621,0.0020389406901001337,0.00822287966247715,0.003911430291071476,0.05209520214460842,0.8270777660982046,TRANSIENT_EVENT
0.6716935902437661,1.5691632738301347,2.3361295933472666,-2.1316282072803006e-17,0.6716935902437661,0.42592492302818397,0.026131673895658965,0.01182386716403935,0.011266385104687466,0.007243484301260838,0.08433586253760265,1.428809045833702,TRANSIENT_EVENT
0.9896707103308179,1.8301243617620417,1.8492255481121442,2.1316282072803006e-17,0.9896707103308179,0.6743558971078134,0.08330917943994358,0.028627952669060514,0.02580296450811364,0.10784233238957898,0.2409567299029064,0.5512556286154208,CONTROLLED_ANOMALOUS
0.9088896642917657,1.505401909288498,1.656308756092581,2.842170943040401e-17,0.9088896642917657,0.6144806827899147,0.041820484801743364,0.062350413322525756,0.04469532102545893,0.08588849072572984,0.26722551086330276,0.2748658015559434,CONTROLLED_ANOMALOUS
0.4830390568484842,0.9517538273413103,1.970345490385157,1.4210854715202004e-17,0.4830390568484842,0.3205319633394237,0.02858083477992292,0.011425488788612773,0.012959881065795143,0.04416484160304258,0.2959856687190093,0.2991973675991554,CONTROLLED_ANOMALOUS
0.8084752916451845,1.3989982513720471,1.7304155931904786,-1.4210854715202004e-17,0.8084752916451845,0.5673935947430226,0.005314858139518098,0.018102393047333618,0.0017453688952282385,0.0036868434981166937,0.04039727042046999,0.19646990920405302,NORMAL
0.8498693080281231,1.5112264759429785,1.7781869067013893,-1.7763568394002505e-17,0.8498693080281231,0.5689566007524941,0.09631422762803434,0.03867112331340878,0.004745363609908627,0.015297435724431496,0.29852663589387357,0.3801599182033744,CONTROLLED_ANOMALOUS
0.7219532515453516,2.1102837346968846,2.9230199187825403,-7.105427357601002e-18,0.7219532515453516,0.5032948745363195,0.007135975521991814,0.021694414618414305,0.013079237672551015,0.009301117309898861,0.060493698091347796,4.3871072764817765,TRANSIENT_EVENT
1.143456099767692,1.8797656768758895,1.6439334026534018,-1.4210854715202004e-17,1.143456099767692,0.8067537568245711,0.0066845953917257,0.008869567680758,0.006877683488016607,0.0016309130251762813,0.019557682152057967,0.13895057747485315,LEGITIMATE_HIGH_LOAD
0.848815905351293,1.458718608244376,1.7185335466124037,-3.552713678800501e-17,0.848815905351293,0.5808603675392823,0.003258906134649672,0.08831150865453197,0.08339781399933718,0.0017234147409727538,0.2098180991345674,0.29622523460428046,HARMONIC_DISTORTION
0.8382504709977572,2.407525781927075,2.872084019304436,-7.105427357601002e-18,0.8382504709977572,0.5347912034104902,0.03348762073537081,0.02043041970180563,0.014590176616453674,0.010877789623725974,0.08885154147803023,5.752209209965902,TRANSIENT_EVENT
1.2626395769934577,2.032651334901931,1.609842881483243,6.394884621840901e-17,1.2626395769934577,0.8890767928599292,0.0076154460230878065,0.028643164557027416,0.008699286386190087,0.006031586768878754,0.037624028918019754,0.19404705897663965,LEGITIMATE_HIGH_LOAD
1.0121241504348193,1.9100577859321586,1.887177363677744,-3.552713678800501e-17,1.0121241504348193,0.6863852819632096,0.007688716995919055,0.18081139295406634,0.06156434970106025,0.005283660102429707,0.2788041418751821,0.7542027413810412,HARMONIC_DISTORTION
1.0103562308453817,1.7417965754915414,1.7239430235751123,2.842170943040401e-17,1.0103562308453817,0.7081794687460812,0.005909889966094321,0.008019162283399793,0.007448881321963383,0.006801610136969387,0.02668757131828129,0.1582847669265939,LEGITIMATE_HIGH_LOAD
0.9458799052858197,2.124297436283609,2.2458426533986926,2.1316282072803006e-17,0.9458799052858197,0.6686129456651689,0.022193286090604333,0.009819571195086625,0.008299903565496114,0.011580773559791044,0.050455980684140145,2.2834776893752546,TRANSIENT_EVENT
0.6842355227708488,1.323545729530551,1.9343423214433255,1.7763568394002505e-17,0.6842355227708488,0.462508243274542,0.005595857105094335,0.12063828434633574,0.0429173054449794,0.0037965189398303473,0.27799482877637144,0.7172934470131925,HARMONIC_DISTORTION
1.0047654365525056,1.95722523520224,1.9479424391007722,7.105427357601002e-18,1.0047654365525056,0.6959370312424248,0.004533337376208283,0.09104260590981168,0.057343649770360265,0.005047563806874148,0.15564679242466659,0.2581461682685011,HARMONIC_DISTORTION
0.9429641462249854,1.6532766346325551,1.753276241998382,-2.1316282072803006e-17,0.9429641462249854,0.6456755726506089,0.08113864273680617,0.022325732864347064,0.015846537579871228,0.10343778112654595,0.2325099544778439,0.3794495881245871,CONTROLLED_ANOMALOUS
1.001854158104175,3.041596055252513,3.0359668926345273,0.0,1.001854158104175,0.6933314403942025,0.0196717082400002,0.036977846570758525,0.02029631143207576,0.014432632092119434,0.07707432381593436,6.407614728585078,TRANSIENT_EVENT
1.1536710998037907,1.9992816339911736,1.7329736649649967,2.842170943040401e-17,1.1536710998037907,0.809880171151884,0.006470337436361092,0.05230801761078307,0.0030090757976553063,0.004962168132261068,0.06731215294587431,0.15590162028536908,LEGITIMATE_HIGH_LOAD
0.883864796424881,1.4427097360350412,1.6322742368183638,-3.552713678800501e-17,0.883864796424881,0.6116972346180638,0.023364851023952842,0.060785976246365475,0.02262579194287841,0.05176360997427791,0.16038631735170392,0.24536472350624353,CONTROLLED_ANOMALOUS
0.9343103606859214,2.067254708810439,2.2125995769679463,-3.552713678800501e-18,0.9343103606859214,0.6436593255242177,0.016176862811293883,0.0033009088803444974,0.006387173610362115,0.004688324476870376,0.034659586399502965,1.6758593987684256,TRANSIENT_EVENT
0.8479015432690872,1.445238892611144,1.704489046026524,7.105427357601002e-18,0.8479015432690872,0.5927629202215536,0.005407201070614439,0.03267698231009639,0.004177746903723762,0.005349523452637344,0.060013732712959414,0.2075733190206258,NORMAL
1.1996182797901458,1.8887318611327621,1.5744440485378115,7.105427357601002e-18,1.1996182797901458,0.8445387950935812,0.004367331933584056,0.034039967523362503,0.007557647431653292,0.003154793872547954,0.04390760855439352,0.19450318515461357,LEGITIMATE_HIGH_LOAD
0.7812729817676939,1.830506663593335,2.342979606758785,-1.7763568394002505e-17,0.7812729817676939,0.5357991807229996,0.009629287739260025,0.008536641460688246,0.0034039452825311376,0.007796597249032872,0.03314139283517412,1.2776859227809876,TRANSIENT_EVENT
0.499369486768323,0.9658221256979284,1.9340831814700183,2.4868995751603507e-17,0.499369486768323,0.332936031478273,0.01704106197317317,0.01814586687732035,0.008696566168372853,0.02952374898484119,0.22642704439699043,0.2490717766000177,CONTROLLED_ANOMALOUS
0.9351499263225684,1.51700468973135,1.6222047898746004,-2.842170943040401e-17,0.9351499263225684,0.6557976137874231,0.0056246768441493185,0.020025594706554982,0.002235954061114535,0.007428094538079859,0.03678746476873979,0.12623714588908092,NORMAL
0.6029345698774699,1.0471929607352157,1.7368268682089822,3.552713678800501e-18,0.6029345698774699,0.4022580515493078,0.006633488131825707,0.10189873515675964,0.06853223976796351,0.005667112427754903,0.30637874400168774,0.5171266537068077,HARMONIC_DISTORTION
0.8259956221700818,1.310702949498065,1.5868158550944191,0.0,0.8259956221700818,0.56583340103597,0.005347165415259699,0.11163256761836324,0.020594041192528206,0.0033545392002613493,0.20196044252250184,0.3612424218787751,HARMONIC_DISTORTION
0.6176935089900997,1.0933884343324713,1.7701148197592538,2.4868995751603507e-17,0.6176935089900997,0.4311427628656781,0.00472549699748876,0.011881179058996933,0.0058438031435604,0.007039619477407715,0.0405517219247722,0.16725312319473382,NORMAL
0.8354105416306542,1.4016232363109307,1.6777658007224505,7.105427357601002e-18,0.8354105416306542,0.5859803896169957,0.00420674706449636,0.005985991199556657,0.005292596436432567,0.004003519442892424,0.02497874034466716,0.11989778657426449,NORMAL
1.2406330435808595,1.9220749581012757,1.5492695185302814,-3.552713678800501e-17,1.2406330435808597,0.8696947084628507,0.005176505504773397,0.04728311580192442,0.005741339032071535,0.00649963390131616,0.05655901048447002,0.16405827467185663,LEGITIMATE_HIGH_LOAD
0.6489057333762612,1.120110220024378,1.7261524477468189,7.105427357601002e-18,0.6489057333762612,0.44835562413641145,0.007840005694845734,0.030777782476160757,0.04057737564575378,0.005260006900088412,0.11726172421466302,0.28145264719422336,HARMONIC_DISTORTION
0.7840282112626358,1.5302030692510211,1.9517193989572268,-1.4210854715202004e-17,0.7840282112626358,0.5262697361755329,0.11722278342749694,0.012090700372914496,0.01548115822483464,0.053146761486802,0.2510853645252408,0.5658053699772144,CONTROLLED_ANOMALOUS
1.2867044627060786,2.121860479214426,1.6490659205082139,0.0,1.2867044627060786,0.904109613912726,0.0052196505309751754,0.008567585406328614,0.005218592070679414,0.0031462623663255436,0.01752022816022685,0.11881528374419784,LEGITIMATE_HIGH_LOAD
0.6188304857435324,1.2875569672962668,2.0806295051047,1.0658141036401503e-17,0.6188304857435324,0.41955486696290695,0.02416666982972768,0.02049050220118616,0.007717687711908034,0.021879610937629773,0.17007772704162147,0.24864605250829475,CONTROLLED_ANOMALOUS
0.870439878447511,2.4076176469886583,2.7659781067048637,-2.842170943040401e-17,0.870439878447511,0.6066482125695548,0.026682780644461668,0.01476224941733781,0.010118991646016186,0.012442596259631424,0.0698369040226594,4.477130718594136,TRANSIENT_EVENT
0.940851424879392,1.6043257550850687,1.7051850192932723,0.0,0.940851424879392,0.6592005569270133,0.008673077886067665,0.03135767597860297,0.0024818867293904217,0.0053935670626227734,0.05165348895591865,0.1611878094594931,NORMAL
0.6219014890166421,1.2398828628902072,1.9936965657546897,-1.0658141036401503e-17,0.6219014890166421,0.42365541492832476,0.016592680690426315,0.006978569030787042,0.005999170560683179,0.07582367167954313,0.20172854378796762,0.2592203381032314,CONTROLLED_ANOMALOUS
0.6053304182932365,1.0597812867523877,1.7507484420500479,-3.552713678800501e-18,0.6053304182932365,0.41901281224172787,0.0015247925689947852,0.02451742008308933,0.005031892808178615,0.004845662212200306,0.06755233446424458,0.1810854419639367,NORMAL
0.7327858869951924,1.8973585836632931,2.589240073172617,-3.552713678800501e-18,0.7327858869951924,0.5019113830929318,0.010180127047150642,0.009054243766654733,0.0054817447924430315,0.005693902613340512,0.04519586789550582,2.8513720797906035,TRANSIENT_EVENT
1.1267017243500432,1.7542058143203483,1.5569389630004262,0.0,1.1267017243500432,0.7869878158097616,0.005149035820653447,0.07612332854878147,0.007144332444084584,0.004800784758643745,0.0983399343395584,0.16279297683925614,LEGITIMATE_HIGH_LOAD
0.9042824157351387,1.4413607737909155,1.5939276808995093,4.9737991503207014e-17,0.9042824157351387,0.6270341806699604,0.0027886261722174202,0.047734624866571915,0.06834907911485576,0.0025631018357068565,0.13480101304763223,0.2181825921404031,HARMONIC_DISTORTION
0.9144258829578193,2.2355623295577605,2.4447714912952465,-1.4210854715202004e-17,0.9144258829578193,0.5320365002036873,0.021452570820777807,0.037328712627248746,0.020523972171962227,0.016748699627663243,0.10632486239499075,1.3495424825623996,TRANSIENT_EVENT
1.0039114239096079,3.1523185567202665,3.140036542710068,0.0,1.0039114239096079,0.6380861769810228,0.009603382051210299,0.016533078926934116,0.010013130098452241,0.008036414781019099,0.03902630747159663,6.930362936023628,TRANSIENT_EVENT
0.77664118772048,2.349930160520742,3.0257604124988835,-3.1974423109204506e-17,0.77664118772048,0.5408486719290929,0.025383455033030442,0.021965663149650705,0.007013446304112783,0.006578384954566788,0.08091918617519185,6.361270853211527,TRANSIENT_EVENT
1.3072081981316164,2.1878033803341452,1.6736457004027037,-1.4210854715202004e-17,1.3072081981316164,0.9105658825838752,0.005780021822387549,0.07880443788422098,0.010655519754962277,0.008148768549384592,0.0892239864826394,0.33404408285962095,LEGITIMATE_HIGH_LOAD
1.064598571988752,1.9408792453548311,1.8231090069274838,-4.9737991503207014e-17,1.064598571988752,0.741300429415727,0.006555980657167545,0.07999424695212436,0.0064207762857672246,0.005273146711649933,0.1099248057792164,0.3579738455290041,LEGITIMATE_HIGH_LOAD
0.9783859139493452,1.5513286348008761,1.585599928088493,5.684341886080802e-17,0.9783859139493452,0.6749660351743789,0.006039131688111863,0.10129846584240502,0.06582756549608726,0.0036219813604170953,0.17997850069786125,0.17127617896285305,HARMONIC_DISTORTION
1.2961571383549129,2.1701122853768946,1.6742663533305913,-7.105427357601002e-18,1.2961571383549129,0.9019961509920111,0.0038476406974469013,0.10622978219142774,0.005676663001656515,0.0039940175434940986,0.11917838092693674,0.39413088307039473,LEGITIMATE_HIGH_LOAD
1.0085895081969631,2.9820357305233465,2.9566396500140844,5.684341886080802e-17,1.0085895081969631,0.6615812133406922,0.03127254549732374,0.028392407714053745,0.019706660414588243,0.009480920546903566,0.08457890766174125,4.606930127535459,TRANSIENT_EVENT
1.06622460246795,2.060383062709593,1.9324099799802983,-2.842170943040401e-17,1.06622460246795,0.7261400646722334,0.14376429994812,0.04439449066487553,0.015829741412165376,0.0924156524691528,0.25761530885365364,0.39228426459368226,CONTROLLED_ANOMALOUS
0.6805186554899174,1.4194361727164837,2.0858152252925475,-1.7763568394002505e-17,0.6805186554899174,0.4787243814720887,0.014307635713664377,0.0062591817725879805,0.007336184653359269,0.007711574191530265,0.04507811233293352,1.5446669168626035,TRANSIENT_EVENT
0.917454954778104,1.4949813562459444,1.629487473428623,-1.4210854715202004e-17,0.917454954778104,0.6465016283540258,0.005110743702446825,0.015752980567458334,0.005280677549111928,0.002641269200092058,0.029206594631192438,0.18624863438565145,NORMAL
0.613964115979813,1.1621074441102839,1.8927937543315538,-1.4210854715202004e-17,0.613964115979813,0.4292630551810459,0.00539163342193779,0.02609619548886317,0.00393704768152278,0.005443136302153855,0.06744030987732436,0.17620082856757033,NORMAL
0.867446362876419,1.9865796005756455,2.290146901980456,3.1974423109204506e-17,0.867446362876419,0.5974464673743738,0.013701974611929452,0.011254478305211537,0.006554262196382613,0.0030431502166358175,0.04728920945498718,2.128012159471872,TRANSIENT_EVENT
0.836997736597158,1.447470368349725,1.7293599553022254,7.105427357601002e-18,0.836997736597158,0.5611459129805803,0.07678599292611153,0.038460849044733805,0.024651462384003734,0.04427751597885229,0.28731129009579387,0.4044043417674496,CONTROLLED_ANOMALOUS
0.8253861837683155,2.421911761216183,2.934277080043794,-3.552713678800501e-18,0.8253861837683155,0.5528807040332957,0.03204641727234946,0.007551943709098951,0.013358780415617803,0.011185261900931831,0.07510575261580604,3.522895177945145,TRANSIENT_EVENT
0.5834138939390344,1.021251383451321,1.7504749099411057,-2.842170943040401e-17,0.5834138939390344,0.3999084250357486,0.003476908269613295,0.053019955239798716,0.04187594474656414,0.003558098348448831,0.17055382652940718,0.1929048442917356,HARMONIC_DISTORTION
0.6647369990881824,1.8337528351288848,2.7586140648771433,-7.105427357601002e-18,0.6647369990881824,0.4147281100530255,0.035318755321331934,0.015052495929075689,0.014367677794079003,0.005455455520799226,0.11026025353499704,3.6971873256815986,TRANSIENT_EVENT
0.5621901033575922,1.0062922446392655,1.7899501229732484,-1.7763568394002505e-17,0.5621901033575922,0.3861848322852072,0.0016853229862379552,0.03832513441365161,0.036050816905382296,0.0037141226822426615,0.13979493338130097,0.2305620429249866,HARMONIC_DISTORTION
1.0131954536245662,1.6504898448149716,1.6289945231303329,-4.263256414560601e-17,1.0131954536245662,0.7075115447848441,0.0033612326656010504,0.06756192361073647,0.004154958046190372,0.0070594070770064405,0.09764613822712098,0.21438802248343583,LEGITIMATE_HIGH_LOAD
0.9530018297165316,1.507176190082563,1.5815039836081632,-7.105427357601002e-18,0.9530018297165316,0.6646888178744409,0.0019352090589164477,0.0466587645963921,0.0045364824217739306,0.0047813088673351435,0.07288577963718978,0.15479510984146547,NORMAL
0.6617032289157218,1.3024208932204462,1.9682855339161869,3.907985046680551e-17,0.6617032289157218,0.43972534944668257,0.03315018998979705,0.014384837599637773,0.013374794242094451,0.07541051910855105,0.26601614571729265,0.38956967188859787,CONTROLLED_ANOMALOUS
0.7891690400022464,1.3721942787534398,1.7387837195812113,3.552713678800501e-18,0.7891690400022464,0.5493759196970235,0.009161983698676915,0.03686003866446639,0.0042003024384747204,0.003158764745153046,0.07149272849430839,0.38509831727335164,NORMAL
0.5275736971631404,0.9763438044172675,1.850630176726485,1.4210854715202004e-17,0.5275736971631404,0.34761554813451945,0.06742252560697753,0.03078503263910656,0.004705717270181902,0.01610429755763067,0.2827244286320377,0.5828653642737389,CONTROLLED_ANOMALOUS
1.2412216488763104,1.8585195981331808,1.4973309560107302,-1.4210854715202004e-17,1.2412216488763104,0.8685197571432786,0.004993253562015853,0.09422622797876028,0.00859190009034736,0.004812719109484812,0.1102479420143788,0.15919527031734995,LEGITIMATE_HIGH_LOAD
1.145612900689739,2.0235145828468264,1.7663161628404578,-7.105427357601002e-17,1.145612900689739,0.8027594913966711,0.005078882704033614,0.0939022072510574,0.00674772462324024,0.006580477457406315,0.1187780444655544,0.2967309538945537,LEGITIMATE_HIGH_LOAD
1.0129017796594648,1.7565351130323537,1.734161345459277,-4.9737991503207014e-17,1.0129017796594648,0.710164250853812,0.006255766625654264,0.008504554996150665,0.0029579371118701324,0.008194083569869132,0.03064080190116422,0.16881812348071137,LEGITIMATE_HIGH_LOAD
1.0140258275866842,1.6100144408843668,1.587745003217617,-2.1316282072803006e-17,1.0140258275866842,0.6835053818660574,0.002934859658537312,0.179030073727299,0.09874614138222824,0.003523876250992518,0.2995444515276668,0.6253552656812039,HARMONIC_DISTORTION
0.7466137608289898,1.332874857920676,1.7852267502285804,0.0,0.7466137608289898,0.5248733725139685,0.002820886410946311,0.010339162418145108,0.005108506016398097,0.004946075880466972,0.03126648125610307,0.16620706091417875,NORMAL
1.1716292807552606,1.8734197236488241,1.5989867737354364,7.105427357601002e-17,1.1716292807552606,0.8197667525818753,0.0047605490734291865,0.07057523063634119,0.004252927690823799,0.006860978012235818,0.08832885998999393,0.3246682824247467,LEGITIMATE_HIGH_LOAD
1.1015871072629553,1.943738064261515,1.7644887557653064,4.263256414560601e-17,1.1015871072629553,0.7670436262924928,0.0033545457999624843,0.07109992368316465,0.005151205658073021,0.0024646361088107496,0.09454668792908598,0.22125383974848067,LEGITIMATE_HIGH_LOAD
0.8916080920653031,1.6242021938931046,1.8216548373073143,-1.4210854715202004e-17,0.8916080920653031,0.6109044156218059,0.00315404862571458,0.11361185732430785,0.07392912948778264,0.006705312582177925,0.22279459989217115,0.540667182981809,HARMONIC_DISTORTION
0.8816189707925168,1.545861537261662,1.7534349741499269,-2.842170943040401e-17,0.8816189707925168,0.6121038811357717,0.006929070589998466,0.0584143205523386,0.005568988457868742,0.006433263777123545,0.0987984908943063,0.25074038976509916,LEGITIMATE_HIGH_LOAD
0.5765419011192222,0.9820115873133209,1.7032787823521127,1.0658141036401503e-17,0.5765419011192222,0.3888389662815326,0.006305200171399123,0.07661266063272588,0.049356914189670545,0.0038426059330294317,0.23649181947673348,0.3645205695164235,HARMONIC_DISTORTION
0.6996413101197854,1.255600136616492,1.7946340767121385,3.1974423109204506e-17,0.6996413101197854,0.4696692643917469,0.020722381624277718,0.0185722894796052,0.025576865721103407,0.08469791549856437,0.23996305864830114,0.16938454747643275,CONTROLLED_ANOMALOUS
0.6890296502156664,1.335898688376281,1.9388116142144889,2.1316282072803006e-17,0.6890296502156664,0.4804010405118353,0.007306808234236209,0.01944256717832319,0.005052593192106653,0.0038951700468022113,0.04720222688386671,0.16430157643596088,NORMAL
0.7219691037809721,1.305237359639653,1.8078853413589153,-3.552713678800501e-18,0.7219691037809721,0.4915997978712196,0.003818651513796666,0.11074403831620283,0.05049631086703668,0.0077890760090444065,0.249229638021248,0.6903513763411558,HARMONIC_DISTORTION
0.8138776151192586,1.4755638849033281,1.8130046305390912,-3.552713678800501e-17,0.8138776151192586,0.5489350034907894,0.08729403758401458,0.04392786274994564,0.03575258324327829,0.016914270143456565,0.2605182829696979,0.3352906596199596,CONTROLLED_ANOMALOUS
0.7362523278308251,1.9746530718695638,2.682033043871471,-2.4868995751603507e-17,0.7362523278308251,0.508442418406555,0.016153068336743973,0.015628259459456433,0.005509049873839657,0.008464692334940538,0.05601579833228649,4.062334585161446,TRANSIENT_EVENT
0.9084676995701113,1.7766010116661781,1.9556017374166073,0.0,0.9084676995701113,0.6172636390945889,0.07371345315098332,0.01007535954667039,0.012648236301891625,0.02206045513889338,0.2555306521523287,0.30715422188298847,CONTROLLED_ANOMALOUS
0.8026659099531169,1.427320509492904,1.7782249025329513,2.1316282072803006e-17,0.8026659099531169,0.5631081502081031,0.0034940678546488053,0.009385930067489343,0.00417208291006433,0.005874156054549112,0.02822197007749113,0.23236851660970073,LEGITIMATE_HIGH_LOAD
1.015471339878429,1.7920956868930644,1.7647919901979823,2.842170943040401e-17,1.015471339878429,0.6954743027594241,0.07863479975949497,0.04978901805924351,0.027940097307032563,0.03695426995251465,0.21387902855776714,0.24143268985040398,CONTROLLED_ANOMALOUS
0.943465742014907,1.7196919996430031,1.8227392082836555,-2.4868995751603507e-17,0.943465742014907,0.6643882910311784,0.01672629082847755,0.007280326418103375,0.004396053692899182,0.0040752025196413326,0.0334873413418707,0.7924172183726818,TRANSIENT_EVENT
0.7265119036014809,1.4189242483442794,1.9530640052975825,2.1316282072803006e-17,0.7265119036014809,0.4859976604697179,0.07863752105601632,0.005501890428417332,0.012959284732474598,0.055931732957016554,0.28487165605491116,0.42213121635377154,CONTROLLED_ANOMALOUS
0.8965708101365458,1.5255314330783167,1.7015180684345295,-2.1316282072803006e-17,0.8965708101365458,0.6237166210089616,0.01269560492402683,0.0055442622236118785,0.007021155996422853,0.002768218913220889,0.03183837449698419,0.7862535505867012,TRANSIENT_EVENT
0.6306142879669391,1.2815076391897569,2.0321576336642435,-7.105427357601002e-18,0.6306142879669391,0.43656023232895963,0.005541875618663727,0.03306532076188887,0.0595666027087193,0.007273126338388648,0.16009244631036382,0.22948147772297134,HARMONIC_DISTORTION
0.6855664598748759,1.3417701204755086,1.9571700177987088,-3.552713678800501e-18,0.6855664598748759,0.47060078272999345,0.04555038526674961,0.03414945531609368,0.004463177135904601,0.015517143105158766,0.16514010588315695,0.2460658323540039,CONTROLLED_ANOMALOUS
0.9410139336018873,1.991074937651843,2.115882524747187,1.7763568394002505e-17,0.9410139336018873,0.657645260540647,0.01694544956944456,0.005214408657314569,0.005657147483844718,0.008574493551619823,0.03490935584788587,1.3354546755087042,TRANSIENT_EVENT
1.2046862725400138,2.0287403418009258,1.684040391299089,-7.105427357601002e-17,1.2046862725400138,0.8442363400262035,0.005643596126840676,0.02070519573966372,0.004131721456459755,0.007277312616900701,0.02853015115532896,0.1602582795636961,LEGITIMATE_HIGH_LOAD
0.8919932677277348,1.642450563476878,1.841326188101015,-1.4210854715202004e-17,0.8919932677277348,0.6099348318975532,0.09083732508310666,0.018196612805296383,0.020053313564207923,0.041725612256998966,0.21586805193007444,0.4542294887094977,CONTROLLED_ANOMALOUS
0.9659353029112466,1.7071317711991445,1.7673355203542047,-2.842170943040401e-17,0.9659353029112466,0.6602373925353203,0.005741632101608018,0.1309279345280174,0.0899354234154454,0.005853734322220188,0.2413884567010825,0.10966779269417416,HARMONIC_DISTORTION
0.6572773326805301,1.1858101953909514,1.804124585515434,-1.4210854715202004e-17,0.6572773326805301,0.4223508929337186,0.01522620006597891,0.015489868254687827,0.004233964726382425,0.007855603084541569,0.07379936776430084,0.7110260871938403,TRANSIENT_EVENT
0.9402979963943033,1.672047393285714,1.7782100990296696,4.9737991503207014e-17,0.9402979963943033,0.6579763334522126,0.0026940067303384803,0.04939490278949807,0.0041573618530177025,0.0009781104384948107,0.07639018183266613,0.35299911208660656,NORMAL
0.9982663604484199,1.6669639391990707,1.669858872586143,7.105427357601002e-18,0.9982663604484199,0.7013795230720932,0.005744904428708974,0.028174362675768234,0.0045392930884354055,0.002429150500640016,0.04464741348033617,0.21290667346265163,LEGITIMATE_HIGH_LOAD
0.8508170012126461,1.6382302343411543,1.9254789596425903,3.552713678800501e-17,0.8508170012126461,0.5675197334533326,0.030661931998260377,0.008472997124954315,0.012885858869757558,0.12958839355370413,0.2962244724917188,0.199755676106506,CONTROLLED_ANOMALOUS
0.6770730113506813,1.3248887078090554,1.9567885377177532,-1.4210854715202004e-17,0.6770730113506813,0.468541059979223,0.0022340364323045984,0.06518259496200786,0.05062739840303804,0.0022138047134247873,0.17786509704954864,0.21395793638595728,HARMONIC_DISTORTION
1.113479660403633,1.8870050061734749,1.6946919402995124,2.842170943040401e-17,1.113479660403633,0.7794709479358076,0.0049013748456366866,0.04014174600457448,0.004879246618161182,0.0034672177672597617,0.054343261908139456,0.27330332211868524,LEGITIMATE_HIGH_LOAD
0.652696457888662,2.066221085512805,3.1656692181180244,2.4868995751603507e-17,0.652696457888662,0.43545746424590354,0.02078107522812088,0.007072682985763355,0.009170647718905262,0.0047394700608148,0.06655108488319504,5.216137051104242,TRANSIENT_EVENT
0.5856935319454171,1.252325876001786,2.138193112432211,1.4210854715202004e-17,0.5856935319454171,0.40361997132674937,0.0039032643980525627,0.07471256713334538,0.02085439265334592,0.00401986911969193,0.19355154398313534,0.28098020223438636,HARMONIC_DISTORTION
0.5787871506235668,1.2251761219261128,2.1167991041372414,-3.552713678800501e-18,0.5787871506235668,0.3909567093705726,0.005686078680818986,0.08305246183635792,0.04376011297272049,0.0024942046135192726,0.24168232820711863,0.2507448771908833,HARMONIC_DISTORTION
0.5938322663867902,1.2262277008495606,2.064939495980271,2.1316282072803006e-17,0.5938322663867902,0.3870188249135774,0.041039429483350244,0.01949274099474717,0.018658012377447256,0.080834025370809,0.35334738864689075,0.48302999273759617,CONTROLLED_ANOMALOUS
1.0053141448495313,1.7917960275407188,1.7823244969948202,-7.105427357601002e-18,1.0053141448495313,0.6850896810075802,0.006619195272838021,0.15463269452603384,0.035355089297567935,0.004014142097628246,0.23225190978355312,0.7246192744711664,HARMONIC_DISTORTION
1.1101126540863326,1.8579829124890863,1.673688616781223,3.552713678800501e-17,1.1101126540863326,0.7832266166291487,0.0032048213174350406,0.01192723699837664,0.003459798468008971,0.006131790509586326,0.025998523131965497,0.17400615389329513,LEGITIMATE_HIGH_LOAD
1.009652614500153,1.536607322352354,1.5219168457391452,4.263256414560601e-17,1.009652614500153,0.7021854837664951,0.004029919711387934,0.09310990180893836,0.008332847919875411,0.008672751085797945,0.13485257855352079,0.13654144542356583,LEGITIMATE_HIGH_LOAD
0.9355136680443386,1.5483521126817643,1.6550822992448042,2.842170943040401e-17,0.9355136680443386,0.6393594435377082,0.002491741758995031,0.11867474716069008,0.10039001325335264,0.0038743258451716875,0.24367051957330987,0.3344483778214495,HARMONIC_DISTORTION
0.5890575354170304,1.0777562154106635,1.8296280933706295,7.105427357601002e-18,0.5890575354170304,0.4057417960926552,0.006932344089764158,0.033452552838964415,0.045891906051750746,0.004891319355338943,0.14383689673024588,0.30141946721577934,HARMONIC_DISTORTION
1.3073821567713866,2.1131834945684687,1.6163472046972318,2.842170943040401e-17,1.3073821567713866,0.916625117477482,0.007285893748313468,0.05562285999019739,0.009766918593859718,0.004482106185469623,0.06460615155381591,0.24096163591276556,LEGITIMATE_HIGH_LOAD
0.6619736028036898,1.4618666359214016,2.2083458157997313,1.4210854715202004e-17,0.6619736028036898,0.44384203181856613,0.05525990888428222,0.010601390382829158,0.007624523216003695,0.10634131259835461,0.27440127683466536,0.3721761459578739,CONTROLLED_ANOMALOUS
0.7846717996912155,1.3637964933766162,1.7380470330567483,-7.105427357601002e-18,0.7846717996912155,0.5355640894799869,0.08794274996597967,0.027649000653897908,0.007543790035426797,0.015094920992185004,0.1846342785628385,0.6121517955688149,CONTROLLED_ANOMALOUS
0.8906813805094292,1.8031838243511569,2.02449929212601,0.0,0.8906813805094292,0.5966571281529355,0.015368719367004343,0.004219900317995272,0.007204591214021103,0.009548665231780515,0.04337751567538669,1.1510581405279336,TRANSIENT_EVENT
0.8605006608038699,1.5444718931899846,1.7948526521143593,2.1316282072803006e-17,0.8605006608038699,0.5964604389880805,0.0037966709547158266,0.04920310853382913,0.06212775658585649,0.005255580012232181,0.13384696988711323,0.2655565300646019,HARMONIC_DISTORTION
0.7863251181233415,2.045401695732769,2.601216276308665,-3.552713678800501e-18,0.7863251181233415,0.4838493497489617,0.04959774076934186,0.006752831237651374,0.023409238536831415,0.018757570489422382,0.13381932571007693,1.306762379434833,TRANSIENT_EVENT
0.5782064814881821,1.1227663982047775,1.9418087381431846,7.105427357601002e-18,0.5782064814881821,0.39090117393895074,0.023857609501046897,0.022274653723135324,0.0075920377168014145,0.03486978172572329,0.22030900195857528,0.29085243425627216,CONTROLLED_ANOMALOUS
0.54711168829283,1.0990531279746156,2.00882772474488,3.552713678800501e-18,0.54711168829283,0.3650649636133053,0.03964452739765113,0.02103933887717035,0.012896578482235199,0.04954625379461931,0.22274107151435776,0.4243100705453995,CONTROLLED_ANOMALOUS
0.774284555619978,1.512773840078135,1.9537698758137318,3.1974423109204506e-17,0.774284555619978,0.536850113588873,0.054798523266254257,0.0094523315746307,0.006024236833136353,0.04705416408209568,0.1457804417605245,0.41508555265551333,CONTROLLED_ANOMALOUS
0.5703083033870455,1.2162895180042155,2.132687724833577,-2.4868995751603507e-17,0.5703083033870454,0.380385068526601,0.04825908247090047,0.014675860755122432,0.022707154781696336,0.07210658256551822,0.262887171682913,0.2890633941728224,CONTROLLED_ANOMALOUS
0.8244443739369385,1.694351595693204,2.055143620669312,2.1316282072803006e-17,0.8244443739369385,0.547366415680926,0.13359520655932422,0.01581285265554006,0.010983131709933851,0.08212966105370412,0.32196278245967025,0.5398519927200871,CONTROLLED_ANOMALOUS
0.6902017400210086,2.131628706189356,3.088413984764038,7.105427357601002e-18,0.6902017400210086,0.4677633415844704,0.02324925931039625,0.00754244450393692,0.008113776680307102,0.006768722158638928,0.06414791730167094,6.176722817592491,TRANSIENT_EVENT
0.6269163163159822,1.1661970908223627,1.8602117387459554,2.4868995751603507e-17,0.6269163163159822,0.4413886136685937,0.00733148976616496,0.006346033463031538,0.0021420052270157354,0.004781704469525929,0.03425781238859501,0.5760055161868091,TRANSIENT_EVENT
0.8062822785601885,1.3496347768431345,1.6738985994498514,-7.105427357601002e-18,0.8062822785601885,0.5640834214683208,0.003341489888423095,0.0029263261581513006,0.0032966080780322694,0.006458589845898767,0.02123518044959567,0.12286593694874111,NORMAL
1.2817622494818102,2.0509224017409027,1.6000802040862476,2.842170943040401e-17,1.2817622494818102,0.8956980111194476,0.003291502914930248,0.115172328107445,0.004920787735980552,0.01051104198999706,0.12960799500157127,0.2922898191564632,LEGITIMATE_HIGH_LOAD
1.240734021698291,1.9075635989915682,1.5374476444037013,5.684341886080802e-17,1.240734021698291,0.8712858772182601,0.006805437034069736,0.062090433618991234,0.002737256275450353,0.00516833106543152,0.07320446642400494,0.1591701212674969,LEGITIMATE_HIGH_LOAD
0.9661561874965884,2.2574409248708927,2.336517588031142,7.105427357601002e-18,0.9661561874965884,0.6327345461215312,0.021214659119225765,0.014962911252572103,0.009612132196199618,0.003221388517853485,0.05080802639174877,2.04273673310613,TRANSIENT_EVENT
0.5950009975688416,1.0786724382540684,1.8128918147389594,2.842170943040401e-17,0.5950009975688416,0.41126655209741736,0.004712668819905971,0.02558410700604977,0.0020166148781902296,0.006263663263772105,0.06798541807539189,0.2583085082047083,NORMAL
0.5942471717987315,1.5627046712055626,2.62972168041692,1.4210854715202004e-17,0.5942471717987315,0.399094488950482,0.010175938758395706,0.009855146599072889,0.0031040999722386107,0.004126813485703226,0.04953972084668529,2.686365994170285,TRANSIENT_EVENT
0.8191108188788134,1.5753100387026264,1.9231952531879473,7.105427357601002e-18,0.8191108188788134,0.57186157016103,0.004435985403665889,0.024249987103064478,0.004839728494975272,0.007950471594781908,0.05008719585400528,0.22798659532166587,LEGITIMATE_HIGH_LOAD
0.6856068382793195,1.2680867296683116,1.8495829663117904,7.105427357601002e-18,0.6856068382793195,0.46465565866015773,0.08441593735640121,0.05140461701075938,0.010772811070408127,0.03736302359529323,0.23502303988696968,0.37266264767430235,CONTROLLED_ANOMALOUS
0.9534039989128589,1.6627400924121203,1.7440036902594267,2.1316282072803006e-17,0.9534039989128589,0.656543075268277,0.09446001679779814,0.04659882011881254,0.01637217996842677,0.02846699228397248,0.1997289470618442,0.3864730915187744,CONTROLLED_ANOMALOUS
1.021053894873213,1.88406359175468,1.8452146367735358,-1.4210854715202004e-17,1.021053894873213,0.6928768411124432,0.09452820124869257,0.010153243837216807,0.0172966405509791,0.13809149157186434,0.2661692428533581,0.3243556357084812,CONTROLLED_ANOMALOUS
0.5858981972632602,1.0108356076365177,1.7252751627469531,3.552713678800501e-18,0.5858981972632602,0.40957310103555555,0.009525591971804262,0.01915906679845477,0.0049198048433456406,0.0058536025069979005,0.061589942339751486,0.22072257704186016,NORMAL
0.8250160051464587,1.6137438355335465,1.9560151869381868,3.552713678800501e-18,0.8250160051464587,0.5761534133980015,0.008169218769398634,0.010248190724638308,0.003649150926615931,0.005007829664772164,0.03365440691438209,1.122087837280239,TRANSIENT_EVENT
1.304758736666984,2.1548201234690274,1.6515084842225558,-4.9737991503207014e-17,1.304758736666984,0.9193389996707425,0.009357527278134485,0.0029546999764241675,0.010829205907179822,0.0058600726948449255,0.0220581062234123,0.12230404755308576,LEGITIMATE_HIGH_LOAD
0.88992864366655,2.5313766172776218,2.84447144756261,2.1316282072803006e-17,0.88992864366655,0.5802602961792569,0.012934321940068738,0.007734223939983132,0.005375198376160273,0.003499683433010976,0.03661399563586206,5.146319287071094,TRANSIENT_EVENT
0.5646156289483024,1.082162595486268,1.916635920089547,-7.105427357601002e-18,0.5646156289483024,0.3620858366565485,0.005825519835080795,0.011741550917679078,0.008919775751543466,0.009169911208544084,0.05731220574091081,0.9029704911730033,TRANSIENT_EVENT
0.944920818831334,2.1646884088734875,2.2908675158102096,-4.263256414560601e-17,0.944920818831334,0.6539128711819275,0.018891598189899193,0.006356470831565313,0.004211812822972761,0.011471251801510325,0.047693349977005264,1.308197930517378,TRANSIENT_EVENT
0.48167768468779,0.9895358051741912,2.05435260264461,3.552713678800501e-18,0.48167768468779,0.3147393471873827,0.059694618857268886,0.0313706314461746,0.013496399855774787,0.05633449052899892,0.2989412946649638,0.5263140686975419,CONTROLLED_ANOMALOUS
0.8406387713945933,1.5141589702286586,1.8012004939014608,-2.842170943040401e-17,0.8406387713945933,0.5897981924528193,0.002475616966029744,0.00942405737271675,0.004452445555327056,0.003305349288392002,0.02464722753685579,0.16138906736351827,LEGITIMATE_HIGH_LOAD
0.7320132878655642,1.2680320276111139,1.732252745450149,1.4210854715202004e-17,0.7320132878655642,0.5050152499344626,0.004060131559586136,0.06925483575783058,0.03440896241424337,0.006131923507976835,0.15543413259667863,0.23273955590253947,HARMONIC_DISTORTION
0.9135608250681161,1.577242887701526,1.7264782425230691,2.842170943040401e-17,0.9135608250681161,0.6278571822170819,0.0023515064685057856,0.08868460653454534,0.09696210723070152,0.004878828004781903,0.20980495623081358,0.22198136441868077,HARMONIC_DISTORTION
0.7308656160135525,1.4046650866833588,1.921919783755858,-1.0658141036401503e-17,0.7308656160135525,0.4794963328623828,0.06581618913163159,0.02312598552798298,0.011228384387131978,0.11875119173706493,0.3658020097453759,0.267485807375139,CONTROLLED_ANOMALOUS
0.8076133443430277,1.4036090619821247,1.7379716070985973,0.0,0.8076133443430277,0.5656450006523254,0.005902291224958835,0.01839240800593739,0.007268985757101075,0.005758385047525959,0.041539972687683814,0.1207269802631726,LEGITIMATE_HIGH_LOAD
0.6971961275642305,1.3016412122836694,1.8669656368160954,1.7763568394002505e-17,0.6971961275642305,0.48468019111279764,0.006864899401094084,0.03229524574887703,0.0023509058309770323,0.0062707474951919735,0.07215164665149658,0.2246810133307862,NORMAL
0.8287945677350606,1.4992203695232966,1.8089167423241967,-2.1316282072803006e-17,0.8287945677350606,0.5605317099903673,0.11034550219276205,0.029129829457438004,0.019051021732231985,0.031535470771409176,0.2695370855468387,0.3779070930771183,CONTROLLED_ANOMALOUS
0.5426922864124546,1.1640572383497747,2.1449673553404316,2.1316282072803006e-17,0.5426922864124546,0.3707476208425272,0.04716410263821715,0.006491232424978681,0.004332666279613944,0.022454216610029703,0.16570802557971012,0.4489574860618452,CONTROLLED_ANOMALOUS
0.7849692676586568,2.381130073895867,3.0334054745838777,-7.105427357601002e-18,0.7849692676586568,0.4873391960713628,0.010612320345440273,0.007110746675284144,0.006198138886843668,0.00200799284848357,0.03768870996221876,4.9521089388643915,TRANSIENT_EVENT
0.8507380427741299,1.4098644414751647,1.6572251040729375,-3.552713678800501e-17,0.8507380427741299,0.5945225139030565,0.002962984668142825,0.03212048210271775,0.005223733429471754,0.003283285930990462,0.058454389251396524,0.17638637580472133,NORMAL
0.6099607818399165,1.317631909800245,2.160191194302154,7.105427357601002e-18,0.6099607818399165,0.41322359939537934,0.007047975313301858,0.0033174282387213165,0.002690543816474871,0.006959067286977169,0.03906371666862035,1.5153571882388215,TRANSIENT_EVENT
0.6799795688066914,1.2160110681879543,1.788305302057758,2.4868995751603507e-17,0.6799795688066914,0.4698433858366962,0.004483972907183246,0.07766685025745992,0.019865877645593024,0.005902973549786344,0.17298455367356022,0.5577554018638594,HARMONIC_DISTORTION
0.9561382712031549,1.69138399656311,1.7689742660700736,-1.4210854715202004e-17,0.9561382712031549,0.6714209106620952,0.005774495149138915,0.00451032770624086,0.004351082083608633,0.004961851420747632,0.018704400128383748,0.5227203725117393,TRANSIENT_EVENT
0.5945486558779851,1.0884456738272301,1.830709165795514,-2.4868995751603507e-17,0.5945486558779851,0.41531412699455583,0.0022361291363278556,0.025401123492323607,0.007470964827754701,0.00268122813000143,0.06715992110368425,0.2572314706686574,NORMAL
0.9047619627828732,1.47611387496179,1.63149417822733,-3.552713678800501e-17,0.9047619627828732,0.6370519830395595,0.0033118966846736207,0.003678760717424462,0.0027077815908850174,0.009417896016530784,0.026455219778231075,0.11135060288635212,NORMAL
1.0541026657970556,1.9501726597252356,1.8500784819196148,-4.263256414560601e-17,1.0541026657970556,0.7365675412637548,0.007410196088576088,0.08849019466200887,0.005965023509432004,0.008545029516719307,0.12200919768910275,0.2078752221172063,LEGITIMATE_HIGH_LOAD
0.7814433639187608,1.406368153303933,1.7997057985767726,-2.842170943040401e-17,0.7814433639187608,0.5444225383904285,0.003872643017847792,0.033714523690093486,0.005726071633895823,0.006424689488369306,0.06853694006009624,0.2122518303595429,NORMAL
0.8829686906231948,1.501237890441467,1.7002164475185422,3.552713678800501e-17,0.8829686906231948,0.6196386681245627,0.004973083926310906,0.02655236777538287,0.007989607256076538,0.004980889017394265,0.04842486991954863,0.12280310948859635,NORMAL
0.8711405080538925,1.5482824852314006,1.7773051200319308,-1.4210854715202004e-17,0.8711405080538925,0.5815695408712998,0.12970810745326616,0.008854066840986248,0.01689204735541801,0.09578999750563359,0.31137751549923687,0.4513859975213428,CONTROLLED_ANOMALOUS
1.095438457505921,1.8508380420858228,1.6895865115962652,4.263256414560601e-17,1.095438457505921,0.7692593199327241,0.002480733619920749,0.03997480890532061,0.0056084217582863145,0.006028315029567405,0.05544509818572086,0.27395185807915656,LEGITIMATE_HIGH_LOAD
0.8286490987916693,1.473218807915398,1.7778560431232426,-3.552713678800501e-18,0.8286490987916693,0.5783731626435868,0.005149317799507594,0.008839717629917603,0.005345234725807603,0.006865426892614129,0.0314122285508539,0.7071779006684616,TRANSIENT_EVENT
0.7264618921120083,1.2429786443978903,1.7110032307190088,-4.618527782440651e-17,0.7264618921120084,0.502028168931106,0.006303022371023298,0.055629795575116325,0.05468401521979016,0.004408501526853635,0.1578715276255871,0.2807554958670449,HARMONIC_DISTORTION
1.0587293442623902,1.8878190933726555,1.7830988662054008,1.4210854715202004e-17,1.0587293442623902,0.7397110039379348,0.006448973142790534,0.06331386597633566,0.003904893026175173,0.006332637567923462,0.08722672280947903,0.31359836155625637,LEGITIMATE_HIGH_LOAD
0.6836361492816698,1.2117802890996245,1.7725515105848364,-2.4868995751603507e-17,0.6836361492816698,0.473112168695803,0.006073784192805689,0.059617984878563526,0.06257429066802725,0.003489848784171716,0.184156714577254,0.17034379700166222,HARMONIC_DISTORTION
0.8970671031939671,1.4263779617184844,1.5900460028463086,1.4210854715202004e-17,0.8970671031939671,0.6234748956225791,0.0019315521904306025,0.0777985000649773,0.031960179086845106,0.006027308999962785,0.13609057674500555,0.15526095733218928,HARMONIC_DISTORTION
0.9482844458347737,2.107378021285851,2.22230579710788,5.684341886080802e-17,0.9482844458347737,0.6177777097126637,0.014555033151810375,0.010764905141530732,0.009058835797167096,0.0061153111896604774,0.05100143043439612,0.783251674786156,TRANSIENT_EVENT
0.8145833226791072,1.86516083511048,2.2897115410810245,2.1316282072803006e-17,0.8145833226791072,0.5709623166035662,0.013485185974290357,0.00581076809978744,0.0070708183491022475,0.003856838387981076,0.03407351380350431,1.1332341033297655,TRANSIENT_EVENT
0.9559117579439248,1.5445808308645388,1.615819470812646,5.684341886080802e-17,0.9559117579439249,0.6702400359954725,0.00580811741280808,0.03399577950527788,0.00309449851466055,0.00505348873242718,0.05430442437717035,0.14752045226118357,NORMAL
0.6639970573250131,1.1971878374704465,1.8030017215640268,3.552713678800501e-18,0.6639970573250131,0.464936106264224,0.005378181155988334,0.02720261502574431,0.0027622731156106573,0.001983138372482248,0.06252739886558258,0.25502777571634905,NORMAL
0.6821026596308726,1.9957205226223758,2.925836007885356,-7.105427357601002e-18,0.6821026596308726,0.43878715972386984,0.02632367903751408,0.005658114396682607,0.011355672589592865,0.012311826775115565,0.08188352532644344,4.558805299571875,TRANSIENT_EVENT
0.7891652531457753,1.5081281150973134,1.9110422171853156,-1.0658141036401503e-17,0.7891652531457753,0.5381957227407005,0.07171571566245133,0.013104496225990496,0.014901303691777229,0.05526864322688293,0.2557505561921746,0.4791247697046492,CONTROLLED_ANOMALOUS
0.6181492642124241,1.0613855013567692,1.7170375551753938,1.4210854715202004e-17,0.6181492642124241,0.4324565426699884,0.007711037870956513,0.022482392696047623,0.004136121770146146,0.00664185067519839,0.06409916668609164,0.6186538330485961,NORMAL
0.5325603295699272,1.08087695010162,2.02958592686483,2.1316282072803006e-17,0.5325603295699272,0.34743167800807,0.05272086939599736,0.03619320039147484,0.030767838283354658,0.06242570771737241,0.32361838623887174,0.4427502899142928,CONTROLLED_ANOMALOUS
0.7594329344554942,1.3912495447552604,1.8319584016365742,0.0,0.7594329344554942,0.47056242561275347,0.05340258614763825,0.02532148796856509,0.022430666831525708,0.012919668055150848,0.14311243453402359,0.2335900307462868,TRANSIENT_EVENT
0.622301625770828,1.1176466627475763,1.7959886596201287,2.4868995751603507e-17,0.622301625770828,0.4343725532422238,0.005304042396782651,0.02055967528952303,0.0024907230069521756,0.0016628378768245844,0.05370284474564798,0.1888313622889492,NORMAL
0.9328629703037175,1.547622332046452,1.6590028560599674,3.552713678800501e-17,0.9328629703037175,0.651402019032762,0.007723729060250604,0.04917151466402353,0.008500673722177608,0.004617731820109585,0.07877806199125634,0.3027945579704141,NORMAL
1.2340484397924207,2.1219610809842684,1.71951198393898,0.0,1.2340484397924207,0.8628427882513382,0.007399553458375543,0.07601297180969022,0.005354237093682102,0.006415687971975864,0.08999277547333187,0.17287559880509015,LEGITIMATE_HIGH_LOAD
0.9203204110587697,1.5408943608037609,1.6743020607693146,3.552713678800501e-17,0.9203204110587697,0.6470247571524649,0.004109771599482885,0.004568203079836338,0.0032440953367319273,0.00544762147359809,0.02084532019933298,0.11460837752900423,NORMAL
0.7282147512570493,2.082535373452552,2.8597819116650207,-3.552713678800501e-18,0.7282147512570493,0.4644636075077573,0.03187581823688673,0.009371858130862987,0.0164237644026564,0.014628082386341782,0.10439441346686759,2.5037162326941442,TRANSIENT_EVENT
0.7800568016802131,1.4527760391548068,1.862397758760108,7.105427357601002e-18,0.7800568016802131,0.5298432759554984,0.004470389249288707,0.11308178193064254,0.07485505518633565,0.00663708477232334,0.25695085307654336,0.6225786336677315,HARMONIC_DISTORTION
1.1075966451844232,1.742756384262548,1.5734576227182107,4.263256414560601e-17,1.1075966451844232,0.7746537993954719,0.0034769917424867466,0.08570886632039837,0.005610019994106942,0.004193015335327021,0.11234615321554299,0.17502636804018518,LEGITIMATE_HIGH_LOAD
1.0354316134266695,1.7320872078417793,1.672816616164142,-3.552713678800501e-17,1.0354316134266695,0.7198216573549243,0.01051789966485061,0.06705839924676649,0.007308935620893109,0.004747394399655861,0.09773922313544257,0.2586142917897578,LEGITIMATE_HIGH_LOAD
0.5792347649923371,1.0531514363657317,1.8181771882764397,7.105427357601002e-18,0.5792347649923371,0.401132762456259,0.009861754427688533,0.007028389372367794,0.005913037182433791,0.00792711898663638,0.04524550391718811,0.47545272864699695,NORMAL
1.028424060989163,1.705040784282719,1.6579160766063463,-5.684341886080802e-17,1.028424060989163,0.6899151933384894,0.0020717447235175,0.1967402710772265,0.07948112877021106,0.0040732877068102216,0.30781013313399747,0.10881187389415754,HARMONIC_DISTORTION
1.069894901040086,1.7657855331253596,1.650428964012046,4.9737991503207014e-17,1.069894901040086,0.7499914230452889,0.004648428180930438,0.016329736260249198,0.004403361928168626,0.005936180380944185,0.029308171305112804,0.14949439004222798,LEGITIMATE_HIGH_LOAD
1.1029035748504836,1.8276726895626823,1.6571464008632422,-4.263256414560601e-17,1.1029035748504836,0.7734394398792773,0.007137677332224436,0.01563352303413323,0.008576784741267288,0.008802044319400052,0.03182144392475673,0.17906413410445174,LEGITIMATE_HIGH_LOAD
0.7956698474516525,1.4023696376435268,1.7625019248058655,-1.4210854715202004e-17,0.7956698474516525,0.5386998154997439,0.01367417700564268,0.010340057376758532,0.004225916638493634,0.0036998962213908118,0.048536483101013835,0.792064709257398,TRANSIENT_EVENT
0.7027728276789406,1.5642160122964197,2.2257775922591967,1.7763568394002505e-17,0.7027728276789406,0.48572707214433264,0.016885794181707322,0.00559465794847127,0.005639402623652917,0.0038393182215449412,0.04725330836711102,1.2689719198475133,TRANSIENT_EVENT
0.8688083513691544,1.6008741811188187,1.8426091077462623,1.4210854715202004e-17,0.8688083513691544,0.5774168581828264,0.13626187908371104,0.04058670605081358,0.015535916183418728,0.033804342600514785,0.3159084919097855,0.39868674084575484,CONTROLLED_ANOMALOUS
1.2018011234032122,1.9078172447918886,1.5874650203266647,4.263256414560601e-17,1.2018011234032122,0.8383624829002184,0.005371680576218306,0.08920376554282428,0.007471214547598928,0.006676552212570605,0.1085273341446387,0.16549053127536784,LEGITIMATE_HIGH_LOAD
1.1746271829082682,1.991246229675703,1.695215519145029,-4.9737991503207014e-17,1.1746271829082682,0.8213788152783424,0.005582736529932521,0.07440638479166103,0.00825120035791524,0.0018037227436334066,0.09293754292119534,0.3336533833963344,LEGITIMATE_HIGH_LOAD
0.9926071024988846,1.598573463447846,1.6104795738650703,-2.1316282072803006e-17,0.9926071024988846,0.6963191710259338,0.004282156011804649,0.05362789557121233,0.004425186567231926,0.004824687805058335,0.07899159905503453,0.16000951533168167,LEGITIMATE_HIGH_LOAD
0.8529114004138121,2.2419113629711753,2.628539566810168,-7.105427357601002e-18,0.8529114004138121,0.5229227571172674,0.014711753340598765,0.027798720558239152,0.01628736756849866,0.006768100747127385,0.08244687712835934,2.552208086650281,TRANSIENT_EVENT
0.6620115357733031,1.095930679210383,1.6554555623116356,2.1316282072803006e-17,0.6620115357733031,0.4531260057161285,0.003285475567851836,0.08775822353907432,0.04349475942672109,0.009645457120835041,0.21861425816646055,0.2414523343173851,HARMONIC_DISTORTION
0.8419120087116949,1.4625125730393522,1.7371323343840988,-7.105427357601002e-18,0.8419120087116949,0.5758383252819406,0.015493083280873935,0.007987623141367762,0.005301664135318473,0.010063407487977006,0.0436374858496605,0.7617096223585258,TRANSIENT_EVENT
0.9524844847287559,1.5655293036113942,1.643627091791651,-3.552713678800501e-17,0.9524844847287559,0.6686266156714372,0.007712344033706543,0.012947136469055421,0.005971373148600019,0.004875394422139788,0.026881633946495394,0.15076471733111327,NORMAL
0.803229823946302,1.9193680536898983,2.3895627334403025,2.842170943040401e-17,0.803229823946302,0.5237549239430502,0.010631956014782088,0.008378375260000402,0.006692765248830264,0.008035179644911761,0.0406357196101727,0.9221417540200004,TRANSIENT_EVENT
0.6277709966761958,1.310065852671177,2.0868531034524818,-7.105427357601002e-18,0.6277709966761958,0.4207803595306292,0.003757151063794531,0.10913450071933589,0.06312287974064985,0.0033068853286800036,0.30060663880449345,0.24228686049087106,HARMONIC_DISTORTION
0.6244073828528267,1.1416568565020258,1.8283846217287842,1.7763568394002505e-17,0.6244073828528267,0.43802577979868634,0.0037771464386137646,0.004266162144510198,0.0038695895805728213,0.003075568375983415,0.027147814555432113,0.19000977045857717,NORMAL
0.6236715241236223,1.2639409192414366,2.0266131614995815,-7.105427357601002e-18,0.6236715241236223,0.41204375404082744,0.07415771941176927,0.030643512615003785,0.01870502758904033,0.04343865440468654,0.2925470547487361,0.44521087534700887,CONTROLLED_ANOMALOUS
0.8790347259354028,2.029516330440784,2.308801086647772,0.0,0.8790347259354028,0.6036404417746847,0.012869175424150272,0.0043765042206627075,0.004561425226765839,0.0049602379991974255,0.03428746576103504,2.375929190098553,TRANSIENT_EVENT
0.599278033005984,1.2046620773625327,2.0101889457217994,-1.7763568394002505e-17,0.599278033005984,0.4160360100019834,0.005998696859181025,0.003968839816277561,0.005074859387282697,0.0035788593651750722,0.03187613621824238,0.15578953727170142,NORMAL
1.1144149505021412,1.7760965248230707,1.5937479338578364,-4.9737991503207014e-17,1.1144149505021412,0.7785089521551133,0.005612668895376904,0.10453177028098767,0.004419386983787349,0.004590696416141503,0.13522634426912145,0.3780318125841163,LEGITIMATE_HIGH_LOAD
0.7535586149376313,1.2905256436618022,1.712574998254931,3.552713678800501e-17,0.7535586149376313,0.5167933714310508,0.012316718346465035,0.008394871941393085,0.005786538333533946,0.010422627430467875,0.04118431985246194,0.718441292163434,NORMAL
0.8634803748524982,2.5114003249105257,2.9084625407259885,7.105427357601002e-18,0.8634803748524982,0.5644704886927253,0.04484060245563475,0.019825226663751767,0.015521128855462904,0.00798710692562082,0.10647738790358525,6.591391304769646,TRANSIENT_EVENT
0.6514137473719701,1.1930015706417376,1.831403736035233,3.552713678800501e-18,0.6514137473719701,0.44515888964944283,0.003366494703536053,0.07763359546991903,0.044979857216002846,0.010239757213265458,0.20359191156320125,0.5216587563591599,HARMONIC_DISTORTION
0.7826830608844927,2.4366964346088476,3.113260726321573,1.0658141036401503e-17,0.7826830608844927,0.5311456280643001,0.030186067826155964,0.015847757726606397,0.004790626622754549,0.008154396178824866,0.08087759521637743,7.8758290182947635,TRANSIENT_EVENT
0.8647423553210651,1.4609402039626393,1.689451424430593,-2.1316282072803006e-17,0.8647423553210651,0.5965657403330673,0.004218193174654186,0.09651168088737254,0.044763223871006265,0.008115158065353812,0.1794211616615201,0.4497994246863608,HARMONIC_DISTORTION
0.8743001013459151,1.4431897678501633,1.6506800875677448,-2.1316282072803006e-17,0.8743001013459151,0.6128089589919622,0.0031451308977153807,0.004740471026939468,0.006548931077543405,0.0037814139591034295,0.022227722834372715,0.14279214825341122,NORMAL
0.8438290145518963,1.5091209914831385,1.7884203617773635,-7.105427357601002e-18,0.8438290145518963,0.5843388998321258,0.009997579293976482,0.09235186142241583,0.02329285034517827,0.005909686939807156,0.16477564455526547,0.48753560782514016,HARMONIC_DISTORTION
0.8077256443742564,2.169766452402431,2.686266639563419,7.105427357601002e-18,0.8077256443742564,0.5742811511043008,0.02948339577138478,0.007350573324417072,0.005763335626959047,0.015017654270076241,0.07276764757401538,4.660381961231196,TRANSIENT_EVENT
0.6176507824255173,1.1163423279662994,1.8074004918805708,3.552713678800501e-17,0.6176507824255173,0.4305232059951425,0.004307643643086431,0.04442474178713533,0.021105993513920146,0.00340733195500946,0.11727684773951189,0.22548354852837155,HARMONIC_DISTORTION
1.0777041035693677,1.8478065932914505,1.7145769299490417,-5.684341886080802e-17,1.0777041035693677,0.7489946202218938,0.003197738969931729,0.09621137883020515,0.0059021803210076015,0.00590304417508173,0.12963173304268433,0.33967164819345214,LEGITIMATE_HIGH_LOAD
0.728955014673072,1.266717450592972,1.7377169030946036,-3.552713678800501e-18,0.728955014673072,0.5087580420016392,0.0035917450048403043,0.01038460514940675,0.007251668833252355,0.009277556050009829,0.03649110907177305,0.1611566752929142,NORMAL
0.8432726165568497,1.3961640436678702,1.6556496870116817,0.0,0.8432726165568497,0.58774056063719,0.004268060123096835,0.0588239896755718,0.052514207533400525,0.0037705962776306075,0.13573689145942985,0.14070193047052718,HARMONIC_DISTORTION
0.6059864805600061,1.2083121520513196,1.993958926170581,-2.4868995751603507e-17,0.6059864805600061,0.40740849562618414,0.057501307381222826,0.041884369320643,0.0313929589507856,0.01988027066343432,0.22663600162106023,0.29061290120414623,CONTROLLED_ANOMALOUS
1.023306562033491,1.8600443190003533,1.817680437135199,0.0,1.023306562033491,0.6934393455185837,0.004816366044867001,0.16502175975087593,0.09355030177698032,0.0070679157103373,0.2742505317762192,0.821442626017276,HARMONIC_DISTORTION
0.8701741427264884,1.5405011626778053,1.7703366338271131,3.552713678800501e-17,0.8701741427264884,0.6049699272341135,0.005903859778719904,0.07728008885850894,0.007902790932668857,0.006476629986644118,0.13065159838737456,0.3693530069053921,LEGITIMATE_HIGH_LOAD
0.8270520754407826,1.5141415578973176,1.8307693104939569,-1.4210854715202004e-17,0.8270520754407826,0.5760748143036314,0.008744157796825884,0.05648253093763044,0.005299330767783834,0.004619022337818836,0.10194579871774842,0.30883554218745063,LEGITIMATE_HIGH_LOAD
0.9251522827130538,1.7638304514150631,1.9065298593249373,-3.552713678800501e-17,0.9251522827130538,0.6323043983291523,0.07903266404336766,0.014841009354969672,0.00905781027466993,0.09157896084679325,0.20542343659069903,0.3301137690761095,CONTROLLED_ANOMALOUS
0.9476518994528316,1.6881740446150213,1.7814284396936921,-3.552713678800501e-17,0.9476518994528316,0.641480552955103,0.07140066743020136,0.032362827102614566,0.02522096334016919,0.10163223703270327,0.24656838903972372,0.2297367255958816,CONTROLLED_ANOMALOUS
0.9276960433698811,2.0027230254402717,2.158813805182704,-3.1974423109204506e-17,0.9276960433698811,0.641949706296944,0.01790848526627343,0.0056321032725144505,0.009006197333376311,0.004152618203199971,0.04087658904364112,1.5314024940273872,TRANSIENT_EVENT
0.510040868444496,1.125092515706604,2.205886989287486,-3.552713678800501e-18,0.510040868444496,0.3349732396595328,0.018431668139502824,0.007039995928956054,0.007224032038669555,0.03138375795001151,0.25321582320242675,0.42834331923484803,CONTROLLED_ANOMALOUS
0.8910106789278069,1.5625970369156965,1.753735475758876,-1.7763568394002505e-17,0.8910106789278069,0.6152419903606221,0.009863177472395372,0.00593954980749739,0.004146142679798361,0.00528626402707436,0.030358359195322444,0.7234340585015742,TRANSIENT_EVENT
0.8763378030497113,1.4325219513376706,1.6346686704058675,7.105427357601002e-18,0.8763378030497113,0.610463455447049,0.008284125060630271,0.06109715541273444,0.004758262539493598,0.005118589088226987,0.10474165243434662,0.22402467098297743,LEGITIMATE_HIGH_LOAD
0.6860595594993966,2.1289008926314983,3.1030846566512578,-2.842170943040401e-17,0.6860595594993966,0.4450753425402136,0.009946150945656158,0.015503252284182836,0.008767733581558529,0.003568227551894192,0.059600352585491845,6.585700128274405,TRANSIENT_EVENT
0.8099064904923235,1.909478002320708,2.3576524262201928,-1.4210854715202004e-17,0.8099064904923235,0.5524288676984374,0.011153436169275778,0.008747679534981683,0.005012469576922235,0.005739348569728143,0.03474408570077802,2.19342311034585,TRANSIENT_EVENT
0.7829221209296966,1.3657973153990193,1.744486812784362,1.7763568394002505e-17,0.7829221209296966,0.5399616351195361,0.048348108234598196,0.04291975458260645,0.006221475062129743,0.013431652455351998,0.13702863499702983,0.17097109621831,CONTROLLED_ANOMALOUS
1.1866610798291497,2.0075407746506793,1.6917558086085678,-3.552713678800501e-17,1.1866610798291497,0.8330950267299626,0.0037571320742061562,0.054275301530625465,0.004712369991809248,0.0027315021172558754,0.06721407254006996,0.20546593589560652,LEGITIMATE_HIGH_LOAD
0.6130644788503289,1.1470072336609953,1.8709406159234045,1.4210854715202004e-17,0.6130644788503289,0.414682010566398,0.03140623535084705,0.01694176563598647,0.00987832596122099,0.0736497576302127,0.227571891798571,0.30474645034077197,CONTROLLED_ANOMALOUS
0.9524567901580725,1.8808914543151167,1.9747787760565585,-7.105427357601002e-18,0.9524567901580725,0.6626062421451886,0.011077624250720836,0.002971928053523945,0.006953313941132381,0.011306076839319565,0.0327866252057988,1.2178878964433522,TRANSIENT_EVENT
0.8526856604583546,1.6211169171965327,1.901189374200469,-1.4210854715202004e-17,0.8526856604583546,0.5691152738757546,0.1288094249251879,0.014600193438418185,0.011711414119802943,0.12382212082664033,0.3215052025815623,0.9947035725648665,CONTROLLED_ANOMALOUS
0.837790592138051,1.9179285385856837,2.289269605774766,2.1316282072803006e-17,0.837790592138051,0.5820337535572371,0.007373531531646425,0.007595951448132435,0.0094831062691987,0.006717376264391812,0.03286251197980043,2.105695606784005,TRANSIENT_EVENT
0.6108973123181379,1.138001654708789,1.8628362439351347,3.552713678800501e-18,0.6108973123181379,0.4254865564708826,0.004012936442261931,0.017124710271631517,0.004201702135790883,0.006969513764268384,0.05309043112739968,0.1957259241800215,NORMAL
0.8834449423646242,2.232982637132697,2.527585512183597,2.842170943040401e-17,0.8834449423646242,0.6083226846605478,0.029415825930134497,0.007467816978678403,0.01590504112544301,0.007199460786652246,0.0635484780650107,2.9149806305517587,TRANSIENT_EVENT
1.0494592827308795,3.4607518414411036,3.297652322856788,-4.618527782440651e-17,1.0494592827308795,0.635298079375683,0.05585288622043655,0.01935893236427872,0.01803492399788451,0.020334795746454998,0.12043606717746382,6.790408185449863,TRANSIENT_EVENT
0.9192400506355513,1.588675347709618,1.7282486186401773,-7.105427357601002e-18,0.9192400506355513,0.6433606165386877,0.00810273078673755,0.004811471173930359,0.006972757623646253,0.0052874937447205134,0.027037483129809584,0.15052259247037536,LEGITIMATE_HIGH_LOAD
0.7156154164349485,1.255385511215721,1.754273989050988,-1.4210854715202004e-17,0.7156154164349485,0.5012130143681914,0.004143799270794707,0.01891125167671198,0.006890023301755117,0.004875582002641917,0.04695133542365008,0.22155382712612573,NORMAL
0.8799305589184476,1.6764058415739778,1.905156974698668,1.4210854715202004e-17,0.8799305589184476,0.6014691960278388,0.005991279962225147,0.14171398064190335,0.03238636315242624,0.005969366315389863,0.24266444099832102,0.1335951108793901,HARMONIC_DISTORTION
0.6638094879453793,1.2417605534910248,1.8706580367426164,2.842170943040401e-17,0.6638094879453793,0.4508236585184428,0.012974535439508028,0.006700769513459144,0.007330133920368646,0.0041296154658711885,0.0470594394344261,0.7374150404976744,TRANSIENT_EVENT
1.1003779599707273,1.767398721734835,1.6061742292456058,-5.684341886080802e-17,1.1003779599707273,0.7694815836496165,0.004253997126442099,0.07100068591292899,0.006956420906762285,0.007096874083111338,0.09463427530468574,0.26764610691985097,LEGITIMATE_HIGH_LOAD
1.2679353463161245,2.1004678619843595,1.656604864031187,-4.9737991503207014e-17,1.2679353463161245,0.8944603035227771,0.005029145246301402,0.0034444138070347306,0.005553694475505639,0.004715748224843803,0.01817178936812845,0.10096504684169262,LEGITIMATE_HIGH_LOAD
0.9843415564466974,1.7809254280393372,1.8092555540052273,3.552713678800501e-17,0.9843415564466974,0.6851058138810479,0.006462857876904026,0.06266715195177003,0.005164250522161983,0.0038248854356895557,0.0931211489729869,0.358178653826583,LEGITIMATE_HIGH_LOAD
0.7409553567803601,1.3343172907010104,1.8008065917749203,1.4210854715202004e-17,0.7409553567803601,0.5062693712599688,0.004059077913653262,0.07813657748450914,0.08742538672977355,0.006009575512154435,0.23275827858896564,0.280959867475677,HARMONIC_DISTORTION
0.9935163130747859,1.8048360397706833,1.8166143987963146,1.4210854715202004e-17,0.9935163130747859,0.6822230470905755,0.0035981624535061044,0.12519276887616468,0.09459658261662404,0.009612556466197316,0.23114386869085102,0.4044542101398331,HARMONIC_DISTORTION
0.6583102218334744,1.3292540545413074,2.0191909687186267,1.9539925233402754e-17,0.6583102218334744,0.43054815465014645,0.02197372237314689,0.007400516121766875,0.007420234999996605,0.010437024224770506,0.08326568491474742,0.89656813744265,TRANSIENT_EVENT
0.7716899272943769,1.4151928824488078,1.8338879806434918,-1.4210854715202004e-17,0.7716899272943769,0.5218217363550851,0.0026078923186704365,0.12599915900456182,0.04694917042061137,0.003640088450573627,0.2584219804197694,0.9129227382034177,HARMONIC_DISTORTION
0.5932558476080498,1.0114132820513557,1.704851770326877,-3.552713678800501e-18,0.5932558476080498,0.40785670027567056,0.0074339361120210464,0.04676711260807592,0.04894176772854735,0.004764379927366895,0.16805680098094541,0.17942090188653767,HARMONIC_DISTORTION
0.679888007965908,1.2040188485598375,1.7709076119198315,-1.4210854715202004e-17,0.679888007965908,0.4470583124183558,0.06229893586452403,0.03512735520454759,0.04367356442956338,0.07216541132947682,0.3021228778146494,0.4586526832461576,CONTROLLED_ANOMALOUS
0.9276805832662071,1.6422539755675891,1.770279560865109,-4.263256414560601e-17,0.9276805832662071,0.6476170560538388,0.0029602424235879447,0.048130883098789844,0.005163532043478946,0.0046404842739666795,0.0771554455353155,0.31975182914068273,NORMAL
0.56381718570984,1.0845663351874453,1.923613473792906,-3.552713678800501e-18,0.56381718570984,0.38130683718754327,0.05064184604478,0.027463881984032414,0.019844678944388558,0.035480350450324924,0.21893287408721568,0.5268992600601076,CONTROLLED_ANOMALOUS
0.9516393547484538,1.7091352515452998,1.7959905115494874,-7.105427357601002e-18,0.9516393547484538,0.6709313625636057,0.0040065608594412735,0.04270696795090677,0.006712839514310136,0.005131337028634483,0.06661268059141653,0.2804504786366894,NORMAL
0.6404958216377654,1.2083479334059397,1.8865820706154817,-3.552713678800501e-17,0.6404958216377654,0.43979754286688005,0.006015006555632093,0.06281069154843806,0.012959505846783265,0.006690141142463221,0.1489098724027008,0.4918187536622882,HARMONIC_DISTORTION
0.7589402055916629,1.3910487838990278,1.8328832411962928,-3.552713678800501e-18,0.7589402055916629,0.530631533744886,0.004773253143507371,0.0383108650847076,0.003263084874532486,0.003156784654864144,0.0744551220733471,0.2137400096838098,NORMAL
0.9093246750958777,1.558773254517335,1.7142097835989996,3.1974423109204506e-17,0.9093246750958777,0.5943842769365579,0.038391036818699216,0.01571810639271555,0.01724541707057886,0.005662039696499696,0.08440954245407362,0.7272911645875402,TRANSIENT_EVENT
0.745388466361858,1.3099376537438843,1.7573892176485046,0.0,0.745388466361858,0.5193375124998927,0.0015080667095271859,0.053333780718050096,0.037573532396884955,0.006507967011345203,0.12892571723654347,0.297523110523701,HARMONIC_DISTORTION
1.1677662587750437,1.9087670502822058,1.63454547169778,-1.4210854715202004e-17,1.1677662587750437,0.8142610926609639,0.006105107633025202,0.09859788607235652,0.006170425168737968,0.006230233968348819,0.12263368871176106,0.3110903792099897,LEGITIMATE_HIGH_LOAD
0.9052052170203411,2.167493917066572,2.3944779330827317,7.105427357601002e-18,0.9052052170203411,0.6335533574984862,0.004092264620295366,0.016974514058629472,0.00908110201319361,0.007849441803949064,0.037987687396775584,2.437122314595052,TRANSIENT_EVENT
0.8001878662801621,1.4556625271676578,1.8191509625540867,-7.105427357601002e-18,0.8001878662801621,0.5646445193756516,0.011860423087529248,0.035118718157738565,0.01030001968746747,0.004585278112902447,0.07324791675357173,0.8351540785518113,NORMAL
0.9746549551206197,1.8152684594698067,1.8624729191933937,0.0,0.9746549551206197,0.6577030927071814,0.1482561622749115,0.0187147475734945,0.006080996173584737,0.06174530413374583,0.26692087755123123,0.494256767248049,CONTROLLED_ANOMALOUS
0.6857354518934617,1.1729421247483844,1.7104878003749715,7.105427357601002e-18,0.6857354518934617,0.47937674690270954,0.006730766364817285,0.02543709512169412,0.004903972184143584,0.004285431659020052,0.05920635701149477,0.16627923060968702,NORMAL
0.6480128933849483,1.2934974003575666,1.9960982467507355,3.552713678800501e-17,0.6480128933849483,0.4282777263896323,0.05784369102365478,0.0066263545885873795,0.0034605274828529687,0.0872575608697754,0.3165994514637061,0.38961713388011643,CONTROLLED_ANOMALOUS
0.947664932110734,1.6153181743927232,1.7045245842271752,1.4210854715202004e-17,0.947664932110734,0.6631682505829762,0.006593029742799592,0.037812612838258625,0.008260582010455085,0.004606329800200277,0.0604244559082375,0.2836612331168371,NORMAL
0.8886418857694227,1.6171957413920046,1.819850906523239,-2.1316282072803006e-17,0.8886418857694227,0.6225079887952094,0.0053367664313112165,0.04676583244420473,0.0056545677351567515,0.003362243176302998,0.07837252222217699,0.24973922252023667,NORMAL
0.8460188955300018,1.5006189045526428,1.7737415942850268,-1.4210854715202004e-17,0.8460188955300018,0.5883521434075516,0.004623540120409174,0.041373180698865426,0.009428335214009747,0.002317925001786895,0.07485061935861172,0.2220253195861249,LEGITIMATE_HIGH_LOAD
0.7236017538948957,1.4092863762142411,1.94759944766378,-7.105427357601002e-18,0.7236017538948957,0.499651313231418,0.0032031099966551534,0.044027627013364816,0.07074506269783025,0.0024903520719390935,0.1678901028381481,0.13636567299419994,HARMONIC_DISTORTION
0.724913024517422,1.2699983379639939,1.751932018064426,-7.105427357601002e-18,0.724913024517422,0.5073684636348612,0.0032015761147742676,0.0034057240674633654,0.0033606266253865696,0.003981033426252031,0.022169741985433828,0.14313163129301099,NORMAL
